EU513191,TGTAGTAACTTTAGTGGAGATAACTCTACCAACACAAGCGTATCCGATGACATGCAAGGAGAAATAAAAAAC,TGTTCTTTCAATGTAACTACAGGACTAAAAGATAAGAAACAGAAAATGGATGCGCTTTTTCATAGACGTGATGTAGTACAAATTAGCAATGGGAACAATAGTTACTATATGTTAATAAGTTGT,TGTATCAGACCTGGCAACAATACGCGAAAAAGTGTGCGTATAGGACCAGGACAAACATTCTATGCAACAGGTGCCATAATAGGAAATATAAGACAAGCACATTGT,TGCAATACATCAAAACTGTTTAGTAGCACTTGGGATAATAGCACTTGGGGTAATAACACTTGGGGTAACAGCACTGGGGACAACAATGAGACCATAACCCTCCAATGC,GCTAATAGCAGTACAAATGAGACCTTCAGGCCT
AB286855,TGTCAAGACTTTAATGTCAGCTATAGTAATACCTCTCGCGAAGTCAACACAACTATATCTGAAGAAATGAAAGGGGAAATAAAAAAC,TGCTCTTTCAATATGACCACAGTATTAAGAGATAAGACACAGAAAATGTCTGCACTTTTTTATAAACTTGATGTAGTACAAATGGGAAATGATAGTAGTCAGTACATATTAATAAATTGT,TGTTCCAGACCTGGCAATAATACTAGACAGAGTGTACGAATAGGACCAGGGCAAACATTCTATGCAAGAGGTGACATAATAGGGGATATAAGACAGGCACATTGT,TGCTATACATCAGACCTGTTTAATAGCACTTGGCCCAATAACACTGCAGAGTCAAATAGCACAGGGTCAATAAGGTCAAATGAGACTATAACTCTCAAATGC,AATAATAGTGAGAGTGCAAATGGAACTGAAATTTTCAGGCCT
KX713906,TGTGTCAATGCCAACGTCACGCTCAATGGCACCTTGCACAATGTCACTGATGAAGTAAAAAAC,TGTTCTTTCAATACGACCACAGTACTAAGAGATAAGAAACAGAAAGTACATGCACTTTTTTATAGACAGGATATAGTACAAATTGGGGAGGATAATCAGACTTACAGGTTAATAAATTGT,TGTATTAGACCGAGCAACAATACAAGAACAGGTGTGCATATAGGACCAGGGCAAACATTCTACGCAATAGGTGACATAATAGGGGATATAAGACAAGCACATTGT,TGCAATACATCAGGTCTATTTAATGGTACATTTAATGGTACTTGGAATGGTACTAATAGCACTATAAGTAACTCGACTGAGAATATAACTCTCCCATGC,AATAATACTAATAAGAAGGAGATTTTCAGGCCT
AY371129,TGTACCTCTAACATCACCTATAACAGTACCTCTAACATCACCTATAACAGCAGCAACACGTCTAATAGCACAAACGTGTCTAGTAAAATATATGAGGAAATGACAAAC,TGCTCTTACAATGTGACCACAATAATAAGAGATAAAAAACAGAAAATGCATTCACTTTTTTATAAACTTGATGTAGTACCAATTGATGAAAATAGTAGTAGTAGTGGGGAGTATAGACTAATAAATTGT,TGTACCAGACCTAACAACAATACAAGAACAAGTGTACGTATAGGACCAGGACAAACATTCTATGCAACAGGTGAAATAATAGGGAATATAAGACAAGCACATTGT,TGCAATACATCAGAACTATTTAATAGCACTTGGGGTAATAGCACTTGGGATAATAGCACTTGGGATAACAGCTCAAATTATGACAATATAACTCTCCAATGC,AGCAGTAATGGTACAAATGAGACAAGTGAGACATTCAGGCCT
GU201494,TGTTCTAACGCCAACGTCAACGTCAGCGAAACCATCAAAGGGGAAGTAAAAAAC,TGCTCTTTCAATATAACCACAGAAGTAAGAGATAAGAAAAAGAAAGAATATGCACTTTTTTATAGACTTGATGTAGTACAAATTAACAGTAGTCAGTATAGGTTAATAAATTGT,TGTACCAGACCTAGCAACAATACAAGAAGAAGTATACGTATAGGACCAGGGCAAGCATTCTATGCAACAGGTGACATAACAGGGGATATAAGACAAGCACATTGT,TGCAATACATCAGGACTGTTTAATGGCACTTGGTCTAATGGCACTTGGGTTAATAGCACTGACTCAAACCACACAGAGATAACTCTCCAATGC,AATAGTAAAAAGAATAATAATAGTGCTACTGAAATTTTCAGGCCT
JN248590,TGTTCTGAAGCCAATATCAACAACAAAACTGACGCGCCAGGGATGCAAAAC,TGCTCTTTCAATATGACCACAGAATTAAGGGATAAGATACAGAAAGTGCATGCACTATTTTATAAACTTGATGTAGTGCAAATTAATGGGACTAGTAATAGTAGTCAGTATAGGTTAATAAATTGT,TGTACCAGACCTGGCAACAATACAAGGAAAAGTATACGTATAGGACCAGGGCAAACATTCTATGCAACAGACATAATAGGAAATATAAGACAAGCACATTGT,TGCAACACATCAAAACTGTTTAATAGCACTTGGTTGTCTAATAGCACTTGGAACACTACTGGCAACCAAAATGAAAATATAACACTCCAATGT,GAGAGTAACAGTACAGAGGAGACCTTCAGGCCT
AB231898,TGTCATAGTGTCACCAACAGCAGTGAGAACAAAATTGGCAACATATCTATTGAAATGCAAGGGGAAATAAAAAAC,TGCTCTTTCAATATGACCACAGAACTACGAGACAAGAATCGGAAAATGCATGCACTTTTTTATAGACAAGATATAGTACCAATGAATGAAAGTTTAGTATCAATAAATACAACTAACAGCACTGATCAGTATAGGTTAATAAATTGT,TGTACCAGACCTAACAACAATACAAGAACAGGTATACATATGGGACTAGGGCGAACATTCTATGCAACAGGTGACATAATAGGGGATATAAGACAAGCACATTGT,TGCAATACATCAAGACTGTTTAATAGCAATTGGAAAAACGGTACTGCCAGCTCAAATGGCACTGCAAATGACATTATAACTCTCCAATGC,AAAAATACTAGTGGTGTAAATGAGACTTTCAGACCT
AB286859,TGCCATAACGTCAGTAACAGCAACAACACAGGAAACAACACAGGAAACGTATCTACTAAAATATCTAATGGAATAACAGAGGAAGTAAAAAAC,TGCTCTTTCAATATGACCACAGAAGTAAGAGATAGGGAAAAGAAAATGCATGCACTCTTTTATAAACTTGATATAGTACAAATGAATGACAGTAGGAAAAATAGTTATATGTTAATAAATTGT,TGTACCAGACCTAGCAACAATACAAGAAAAGGTGTGCATATAGGACCAGGGCGAGCATTCTATGCAACAGGTGAGATAACAGGGGATATAAGAAAAGCACATTGT,TGTAATACAACAACACTGTTTAATAGCACTTGGGATGACAATAACACTGCCAGCTCAAACTACACAGGGTCAAATGGCACTATAACTCTCCAATGC,AGTAATAGTAGTACAAATGAAACTTTCAGGCCT
AY371138,TGTCATTATAACATCACCACCCACAACATGACTAACAACATGTCTAAGATCATAGAGGGGGAAATGAAAAAC,TGCTCTTTCAATATGACCACAGAATTAAGAGATAAGCAAAAGAAAATGTATTCTCTTTTTTATAAACTTGATATACTACCAATTAATGGAAGTAGTAACAATGGTGAGTATAGACTAATAAATTGT,TGTACCAGAACTGGCAAGAATACAAGAACAAGTATACATATGGGACCAGGACAAGCATTCTTTGCAACAGGGGAAGTAATACGGGATATAAGACTAGCATATTGC,TGCAATACATCAGAACTATTTAATAGCACTTGGGCACATGACACAAATAACACAGGGTTGGATAATGGCAATCTAACTCTCCAATGC,AACAATGGTAGTGCAAATGAGACATTCAGGCCT
KC247962,TGT???????????????????????????????????????GAAATAAAAAAC,TGCTCTTTCAAT??GACCACAGAACTAAGAGATAA?AAACAGAAAATGTATGCACTTTTTTATAAACTTGATGTAGTACAAATT?AGGAAAATG?TACTAATGA?ACTCAGTATAGGTTAATAAACTGT,TGTACCAGACCTA?CAATAATACAAGAAAAAGTACACGTATAGGACCAGGGCAAACATTCTATGCAAT?GGAGA?ATA??AGGG?ATATAAGACAAGC?CATTGT,TGCAATACATCAAACCTGTTTAATAGCACTTGGAGCA?T?GGAATA?T?GTACT?TGAATA?TAGCA?TG?GGATAACACAAATGACA?TATAACTCTCCAGTGC,AAC??GAATAAT??TACA?A?GAGACCTTTAG?CCT
AY371141,TGCACTAACTTCAACAGATCTAACTACAACATATCTGATGACATGAGAGAAGAAATAAAAAAC,TGCTCTTTCAATATAACCACAGAATTAAGAGATAAGAAAAAGAAAGAGTATGCACTTTTTTATAGACAGGATGTAGTACAAATTGATAGTGAAGTAGGGCAGTATAGGTTAATAAATTGT,TGTATCAGACCTAACAACAATACAAGAAAGAGTATGCGTATAGGACCAGGGCAAACATTCTATGCAACAGGAGACATAATAGGAAATATAAGACAAGCATATTGT,TGCAATACATCAGGACTGTTTAATAGCAGTTGGGATAGCAATAGCACTGAGGAAACCAATAATTCAGAAAATAATGAAACTATAACTCTCCAATGC,GAAAATAATAGTACAAATCAGACCTTCAGGCCT
AB286857,TGTAGTACACCTAATACCACTTACCAATATAACAGCACATTTCCTAAAAACAGGAGCATATCTGATGAAATGAAAGAGGAAATAAAAAAC,TGCTCTTTCAATATGACCACAGTATTAAGAGATAAGATACAAAAAGTGTATGCACTTTTTTATAGACTTGATATAGTACCAATTAATGAAGAAGACAATAATACGAGCAATAATCATTATAGGTTAATAAATTGT,TGTACCAGACCTAACAACAATACAAGACAAAGTGTACGTATAGGACCAGGGCAAGCATTCTATGCAACAGGTGAAATAATAGGGGACATAAGAAAAGCATATTGT,TGCAATACATCAGGACTGTTTAATAGCACTTGGGAGAATAATACTAGCACAGCCAGCTCAACAAATGTTAGCTCAATAAATGACACTGACATTATAGAACTCAAATGC,AAGAATAGTAGTGCTACAAATGAGACCTTCAGGCCT
KX232616,TGTCATAATGTTACCAACAATTCTAGTAATTCTAGTATACCTGAGGGGATGATGACAAAC,TGCACTTTCAATACAACCACCTTTATAAGAGATAAGCAACAAAGAGTGAATGCACTTTTTTATAAAATTGATGTAGTACCAATTAATAATAATGGGACATATAGGTTAATAAATTGC,TGTATAAGACCCAACAACAATACAAGAAAAAGTATACGAATAGGACCAGGGCAAACATTTTATGCAACAGGTGACATAATAGGAGATATAAGACAAGCACATTGT,TGTGATACAACACAACTATTTAATAGCACTTGGAATACAACACAACTCAACAATGACAACGAGACAGAGGACAATACAACTCTTACTCTTCCATGC,AATAGTGATAGCTCGAATGAAACTTTTAGGCCT
KX389610,TGTCATGAGTACAACAACAGCCCTAGTAAGAGCTCTAATGACAGCAGCTCTAATTACACCAGCCTTGGTAATT?CTCTAATCCAGAGAAAATACAAAAT,TGCTCTTTCAATATGACCACAGAAGTAAGAGATAAGCACCAGAAAATGAGTGCACTTTTTTATAGAGTTGATATAGTACAAATTGGAAATAGCAATAGTGAGTATAGGTTAATAAATTGT,TGTACCAGACCTAACAACAATACAAGAAAAAGTGTGCATATAGGACCAGGGCAAACATTCTATGCAACAGGTAGCATAATAGGGAATATAAGACAAGCACATTGC,TGCAATACATCAAAACTGTTTAATAGCAGTTGGAGTAACGACAGTAACACTGACAACAATGACAATAACACTGACAACTCTAGCATTATAACTCTCCAATGC,AATAAGAGTGAAAACGAGACCTTCAGGCCT
AY736840,TGTCATAACATCAACTCTACACTTAATGACACGCAAGAGGAAATAAGAAAC,TGCTCTTTCAATGTGACCACAGAATTAAGAGATAAGAAACAGAAAGTGTATGCACTTTTTTATAGGCTTGATGTAGTACAGATCAATAATAATAAAAGTAGTGAAAATGGTAGTCAGTATAGGCTAGTAAATTGT,TGTACCAGACCTAACAACAATACAAGAAAAAGTGTACGAATAGGACCAGGGCAAACATTTTATGCAACAGGTGACATAATAGGAAATATAAGACAAGCATATTGT,TGCAATACATCAATACTGTTTAATAGCACTTGGGACAATAGCACTGTCAACACAAATAATATCACAGAGCCAAATGATACTATAACCCTCCAATGC,AATAATAATAGTACAAATGAGACCTTCAGACCT
EU480460,TGCACCAACATCACCACCAATAGTACCACCATTGTCAACAGCAGCAGCACAATGCAAAAC,TGCTCTTTCAATATGACTACAGAAGTAAGAGATAAGAAACAGAAAGTGTATGCACTCTTTTATAAACTTGATATAGTACCAATGGATAACAGTAGTTACAGGTTAATAAATTGT,TGTATCAGACCTAACAACAATACAAGGAAGGGCATACGTATAGGACCAGGGCAAATATTCTATGCAACAGGTGAAATAATAGGGGATATAAAAGAAGCACATTGT,TGCAATACATCAGGACTGTTTAATAGCAATTGGACCAGTAATTGGACCAGCTTAAACCACACAGATGGCACTATAACTCTCCCATGC,GATAGCAATGGTACAGAGACTTTCAGGCCT
KU168266,TGTGGTAACGTCACCAAAAACAATTTCACTGACAAAAACATGAAAGAGGAAATAAAAAAC,TGCTCTTACAATGCAACCACAGAATTAAGAGATAAGACACAGAAAATATATTCACTTTTTTATAGACAGGATGTGGTACAAATTGATGAAAACAATAGTCATGGTAGAAACAGTAGTAATAGGTATAGACTGATAAATTGT,TGTACCAGACCCAACAACAATACAAGAAAAAGTGTAAGAATAGGGCCAGGGCAAGCATTTTATGCAGCAGGTGAAATAATAGGGGATATAAGACAAGCATATTGT,TGCAATACATCAGGCCTGTTTAATAGTACTTGGAATGTGACCACCAGCCTCAACCAGAGTGAAGCGGACGTAAATATAACTCTCCCATGC,AGGGATAATGGTGCAAATGAGACGTTCAGACCC
HQ385463,TGCAGCGACATCAACAGCACCAACATCACTAACGGGGGAGGAGAAATAAAAAAC,TGCTCGTTCAATGTAACCACAGAGTTAAGAGATAAGAAACAGAATACATATTCACTTTTTTATAAACTTGATATAGTAGAAATAAATAACAATAGCAATGAGTATAGACTAATAAATTGT,TGTACCAGACCTAACAACAATACGAGAAGAAGTATAAATATAGGACCAGGGCGAGCATTCTATGCAACAGACATAATAGGGAATATAAGACAAGCACATTGT,TGCAATACATCAACACTGTTTGATAGCACTTGGATGATTAATGGAAGTAACAGTAGCAGTTCAAACCACACAGGTGACATTATAACTCTCCAATGC,AATAAGAGTGAACCTGAAGAGACCTTCAGGCCT
EU480465,TGTAGTAACTACAAATATAACAGCAGCACACCTAACAACACAAATATAACAGACACACAAGAGATAAAAGAT,TGCTCTTTCAATATGACCACAGAAGTAAGAGATAAGAAAAAGCAGGTGTCTGCACTTTTTTATAGACTTGATGTAGTACCAATTAGTGAAGGTGATAACAGTAGCTCTTATAGGTTAATAAATTGT,TGTACCAGACCTAACAACAATACAAGCACAAGTATACGTATAGGACCAGGGCAAACATTTTATGCAACAGGTAGAATAATAGGGGATATAAGACAAGCACATTGC,TGCGAAACATCAAAACTGTTTAATAGCACCTGGGACATCAATAGCACAGATGCCAATATGACTACTGCAAATGCCAATATAAATACTACAGATGAAAATATAACTCTCCAATGC,AACAGTAGAGGGAACAGTAGTGGTGCAAATGAGACCTTCAGACCT
HQ385468,TGTCAGAACTACACCGGCACCAATGGCAACAGCTCTGTATCTGATGTCGGGGAAATGAAAAAT,TGCTCTTTCAATGTGACCACAGTGATAACAGATAAAAAACAGCAAGAGTATGCACTTTTTTATAGACATGATGTATTACAAATTAATGAAAGTAATAGTAACAGTAGTCATTATAGGTTAATAAATTGT,TGTACCAGACCTAGCAACAATACAAGAAAAAGTATACATATAGGACCAGGGCAAACATTCTATGCAACAGGTGACATAATAGGAGATATAAGACAAGCACATTGT,TGCAACACATCAAAACTGTTTAATAGCACTTGGGATAATAGCACCTTGAATGAAAAGAACAATACCAGTGCAAATTCAACTGATACTATAACTCTCCAATGC,AATAGTAGTACAAATGAGACTTTCAGACCT
GU201498,TGTCAGAACTACACTAACTCCAACATGGCTGAGGACATGAAAGGGGAAATACAAAAC,TGCTCTTTCAATGTGACCACAGAGCTAAGAGATAAGAAACAGAGAATGCATTCACTTTTTTATAGAGTTGATGTAATACCAATTGAAAAGAATAATAGTAGTCAGTATAGACTAATAAATTGT,TGTACCAGACCTAGCAACAATACAAGAAAAAGTGTACGTATAGGACCAGGACAAACATTCTATGCAACAGGTGACATAATAGGGGATATAAGACAAGCACATTGT,TGCAATACATCACAACTATTTAATAGCACTTGGGATGGTCCATTTAATAGCACTTGGAATGACAATAGCACAGACACAGAGTTAAATGACACTATAACTCTCCAATGC,AATAATAGCACAAATGAGACATTCAGGCCT
EU513187,TGTACTGATGTCCGCAACAGAACTTTAAATTATACTTACAACAACAGCACCAGCAACATATCCTTGGTATCTAGTGACATGGAAGGAGAAATAAAAAAC,TGCTCTTTCAATATGACCACAGAACTAAGAGATAAGAATCAGAAAGTGTATGCACTTTTTTATAGACAGGATGTAATACAGAATGGTAATAATAATAGTAGTTATTATAGGTTAATAAATTGT,TGTACCAGGCCTAACAACAATACAAGAAAAAGTGTACGTATAGGACCAGGACAAACATTCTATGCAACAGGTGACATAATAGGGAATATAAGACAAGCACATTGT,TGCAATACAACAGCACTATTTAATAGCACTTGGGATAACAATAGTACTAGGGAAGACAATAACTCAACAGGGAATGACACTATAACTCTCCAATGC,AATAATGAAAGTACAAATGAGACCTTCAGACCT
KU168310,TGTACCTCTGTCGACAACAGTTCCTCTGTCAACATATCTCAGGACATGCAAGGAGAGATAAAAAAC,TGCTCTTACAATATGACCACAGAACTAAGGGATAAGAAAAGGAAAGTGTATTCACTTTTTTATAAACTAGATGTAGTACCAATTGATAATAAGACTGATGAATATAGACTAATAAATTGT,TGTACCAGGCCTGGCAACAATACAAGACAAAGTGTGCGTATAGGACCAGGGCAAACATTCTATGCAACAGGGGACATAATAGGGGACATAAGACAAGCACATTGT,TGCAATACATCACAACTATTTAATAGCACTTGGAACAACACCAATATCAGCTTAAATGACACAAATGAAAATATAACTCTCCCATGC,GAGAGCAATAATACAAATACAAATGAGACCTTCAGGCCT
JN687776,TGTCAGGGACTCAACAGCAGCAACAGCAGCAACAACAGCACCTCTGCCAATAGTAGCATTAGTAATGAGGAGATAATGAAAAAC,TGCTCTTTCAATATGACTACAGAGATAAGAGACAAAAAACAGAAAGTGTATTCACTTTTTTATAAACTTGATATAGTACCAATTGAGGGAAATGAGGGAAATAGTAGTTACAGACTAATAAATTGT,TGTACCAGACCTAACAACAATACAAGGAAAAGTATACATATAGGACCAGGACAAGCATTCTATGCAACAGGAGACATAATAGGGAATATAAGACAAGCACATTGT,TGTAATACAACAAAACTATTTAATAGCACTTGGACTAATGAGACAAATCACACAGCTAGCATAGATAGAAATATAACTCTCCAATGC,ACAAATAGTTCAAATAATGAGACATTCAGGCCT
HQ385454,TGCCGCAATGTCAGCACCTCCAATGTCAGCACCTCCAATGTCACGAGTAACATAAATGTCACGAGTAACATAAAAGGAGAAATGACAAAC,TGCTCGTTCAATATGACCACAGAAATAAGAGATAAGAAACAGAAAGTATATTCACTTTTTTATAAACTTGATGTAGTACCAATTAATAATACGACAGATGAGTATATACTAATAAATTGT,TGTGCCAGGCCTAGCAACAATACAAGAAAAAGTTGGCGTATAGGACCAGGACAAACATTCTATGCAACAGGTGACATAATAGGGGATATAAGACAAGCACATTGT,TGCTACACATCAAACCTGTTTAACAGTACTTGGGATGACAACAGTACTTGGGATAACAATACTACTTGGGATAACAGCACGACAGAGGACACCAACATAACTCTCCAATGC,AATAATACTATGAATGAGACTTTCAGGCCT
JF320296,TGTACCTCTGTCAATGGAACTAGTAACACCACCAACATATCTACAGACATGCAAGGAGAAATAAAAAAC,TGCTCTTTCAATGTGACCACAGAACTAAGAGATAAGAAACAGAAAGCGTATGCACTGTTTTATAAACTTGATGTAGTACAAATTAATGAAAATAATAGTGAATATAGGTTAATAAATTGT,TGTAGCAGACCTAACAACAATACAAGAACAGGTGTGCGAATAGGACCAGGGCAAACATTCTATGCAACAGATGGTATAATAGGGGATATAAGAAAAGCACATTGT,TGCAATACATCAGAACTATTTAATAGCAGTTGGAATAATGACACTGCCAGCTCAAATAACACAGGGTCAAATGACACTATAACTCTCCAATGC,GATAATAATAATAATAGTGTAAATGAGACCTTCAGGCCT
JF683795,TGTGGCCCTGTCAACAGTACCAGCAATACCTCTGTCGCCCACAACAGTACCTTGTACAAAAACAACAATATAACTAGCATGATGAGCAAC,TGCTCGTTTAATATAACCACAATACTAAGAGATAAGAAACAGAAAGTGTATGCACTTTTCTATAAATCTGATATAGTACAAATTAATGGAGATAGTAGTAAAAATAATAATAGCCAGTATAGGTTAATAAATTGT,TGTACCAGACCTGGCAACAATACAAGAAAAAGTGTGCGTATAGGACCAGGACAAACATTCTATGCAACAGGAGAAGTAATAGGGGATATAAGGAAAGCACATTGT,TGCAATACATCAGGACTATTTAATAGCACTTGGGATAATAGCACTTGGAATACCACTGCAAATTACACAGAGTCAAGTGACAATATAACTCTCCAATGC,AATGACAGTAGTACAGAGGAGACCTTCAGGCCT
KR709172,TGCCAAAACGTCAATGCCACCAATGACACCGACGCCTCCAATGTCACCCTCAATGCCAATGTCGCAGATAACATAAGAGGAGAAATGATGAAC,TGCTCGTTCAATATGACCACAGAAATAAGAGATAAGAAAAAGAAAATGTATTCACTTTTTTATAAACTTGATATAGTACCACTTAATGAGAGAAAGAAGGAAAATAATGAGAAAAGCAAGGAATATATACTAATAAACTGT,TGCGCCAGACCTGGCAACAATACAAGAACAAGTTGGCGTATAGGACCAGGACAAACATTCTATGCAACAGGTGATATAATAGGGAATCCGAGACTAGCACATTGT,TGCAATACATCAGCCCTGTTTAACCATATCTACACTTGGAACAGTACTGGGGATAATAACAACAACAGTTCTAGTGACAACAGTACAAATGTCATAACTCTCCAGTGC,AATAGTACTTGGAAGAATGAGACTTTCAGGCCT
HM215290,TGTCATGAATACAACAGCAGCAATGGCAACACCTCTAGTTTTAACAACAGCAGCACTAATGACATGCAAAGGATGAAC,TGCTCTTTCAATATGACCACAGTATTAAGAGATAAAAAACAGCAAATGTCTGCACTTTTCTATAAACTTGATGTGGTACCAATTGAGAAGAATGATACTAGTCAGTATATGTTAATAAATTGT,TGTATCAGACCTGGCAACAATACAAGAAAAAGTGTACGTATAGGACCAGGGCAAACATTCTATGCAAACGGCATAATAGGGAATATAAGACAAGCACATTGT,TGTAATACATCAGCACTGTTTAATAGCACTTGGAATGGCACTGACAGTGCAAACAAGACAAAGTCAAATGAAACTATAACTCTCCAATGC,AATACTAGTGGTGCAAATGAGACTTTCAGGCCT
KX389624,TGTTATGACACCTACACCAACAACCACACCAGTGATGAAATGAAAAAC,TGCTCTTTCAATATGACTACTGAATTAAGAGATAGGAA?CGGAAAGTGAATGCACTTTTTTATAAACTTGATGTAGTACAAATTGATAGTAATCAAA?TAA?A?TACTTATAGGTTAATAAATTGT,TGTACCAGACCTAACAACAATATAAGAAGAAGTGTACGTATAGGACCAGGGCAAGTATTCTATGCAACAGACATAATAGGGGATATAAGAGAAGCATCTTGT,TGTA?TACATCAGATCTGTTTAATAG?ACTTGGAAAGACAACAATAGCA?TTGGGAATACGACAGTACAAATATAACACTCCAATGC,A?AACTGAT?GAGGGACAACTAAAAATGAGACCTTCAGGCCT
JF683758,TGTACTGATCTTAGCAATAACAGTACTATTAGCAATACAACTATTAGCAATGAAACTGTTAGTATGAAAGGAGAGATGAAAAAC,TGCTCTTTTAATACCACCACAGAAGTAAGAGATAAGAAAAGGAAAGAGTATGCACTTTTTTATAGACTAGATGTAGAAAAAATTAATAATAGTAGTAATAATAGTGAGTATATGTTAATAAATTGT,TGTACCAGACCTGGCAACAATACAAGAAAAAGTGTACGTATAGGACCAGGGCAAGCATTCTATGCAACAGGTGAAGTAATAGGGGGTATAAGACAAGCATATTGT,TGCAATACATCAGGACTGTTTAATAGCATTTGGGATAATAACAGCACTTGGAATGGGAGCAACTCAGGCAATATAACTCTCCCATGC,GATGGTACTGAGACAAATGAGACTTTCAGGCCT
AY444811,TGTAGTGATAGTAACTTCACCAGCCCCAATAGCACCATCTCTAATGACAACGGCACGCTTTTTAACATGACAGAGGAAATAAGAAAC,TGCTCTTTCAATATGACCACAGAAGTACAAGATAAGAGACAGAAAGTGTATGCACTTTTTTATAGGCTTGATGTAGAACAAATTAAGAATAGTAGTTATTATAGATTAATAAATTGT,TGCATCAGACCTGGCAACAATACAAGAAAAAGTATAAGTATGGGACCAGGACAAGCACTCTATGCAACAGGTGACATAATAGGGGATATAAGACAAGCACATTGT,TGCAATACATCGGGACTGTTTAATAGTACTTTTAATAACACTCAGGCCAACTCAAGTTACACCTCAGGGACAAATGATACTATACTTCTCCAATGC,GATACTAGTGATAATAGTACCGAGACCTTCAGGCCT
AY371123,TGTCACCCCCTTAGCAAAAACATAACTACTGAAATGCAGGGGGAAATAAACAAC,TGCACTTTCAATATGACCACAGTATTAAGAGATAAGAAACAGAAAATGAGCGCACTTTTTTATAGACTTGATATAGAAAAAATTAATGGAAATAATGATAGTGGAAAGAATGATAGTGGTCAGTATAGGTTAATAAATTGT,TGTACCAGACCTGGCAACAATACAAGAAAAAGTGTACGCATAGGACCAGGACAAACATTCTATGCAACAGGTGACATAATAGGGGATATAAGAAAAGCACATTGT,TGCAATACAACAGACCTATTTAATAGCACTTGGAACGAAACCACAGAGTCAAATGGCAATATGAATCTAACAATCCCATGC,GTAAATAATAATAATAGTACGGAGATATTCAGGCCT
EU480455,TGTCATAACCTCAACAGCACCAATAACACCTCCCCCGACACCAATAACACCACCCCTACGATCAGAAACATATCTAGTGAAATGCAAGGGGAAATAAAAAAC,TGCTCTTTCAATGTAACCACAGAATTAAGAGATAAGCAACAAAAAATGTATGCACTTTTTTATAGACTTGATGTGATAGAAATTAATAATAGTAAAAATAGTAGGAATAATAGTCAGTATAGGTTAATAAATTGT,TGTATCAGACCTGGCAACAATACAAGAACAAGTGTACGTATAGGACCAGGACAAACATTCTATGCAACAGGTGACATAATAGGGGATATAAGACAAGCACATTGT,TGCAATACATCAGGCCTGTTTAATAGTACTTGGAATAACACTACCAGCTCAAATAGCACAAATGGCAATATAACTCTCCAATGC,GAGAATAATAGTACTACAGAAACATTCAGGCCT
AY371136,TGTCAGGAAATCAACAACAGCAGATCTACAAATATATCTAGTGACATGCGAGGGGAAATAAAAAAC,TGCTCTTACAATATGACCACAGAACTGAGAGATAAGCAGCAGAGAGTGCATTCATTATTTTATAGACTTGATGTAGTACCAATTAATGAAAGTAATGCTAATAATAGTAGTCAGTATAGACTAATAAATTGT,TGTACCAGACCTGGCAACAATACAAGGAAAAGTGTAAGAATAGGACCAGGACAAACATTCTATGCAACAGGTGACATAACAGGGGATATAAGACGAGCACATTGT,TGCAATACATCAAAGCTATTTAATAGCACTTGGACTTGGACCAATGACACTGCCAGCTCAAATGACACAAAGGGGTTAAATGACACTATAACGCTCCAATGC,ACAAATAATAAAAATAATGAGACATTTAGGCCT
JF683806,TGTCATAACTTCACTGTCAGCAATAACAGCAAGAACAACACAATAGAAGGAGAAATGAAACAA,TGCTATTTCAATGTAACCACAGAGTTAAGAGATAAGGAAAAGAGGGAGTATGCACTTTTTTATAGACTTGATATAGTACCAATTAATGAAAGTCTTGAGAACAGTACTCAATATAGGTTAATTAATTGT,TGTACCAGACCTAGTAACAATACAAGAAAAAGTGTACATATAGGACCAGGGCGGGCATTCTATGCAACAGGTGAAATAATAGGAGATATAAGAAAAGCACATTGT,TGTAATACATCAAAGTTGTTTAATAGCAGTTGGGGAAACAACACTGCCAGCAACCACACAGAGGCAAGTGGAGAAAATGACACTATAACTATACAATGC,AATAATAGGAGTGATGCAAATGAGACTTTCAGGCCT
KP411845,TGTAGCAACATCAAAAAAGATGTTAACAGCAACATTAGTTGCGGCAAAAGGTTAACGGAGCACGGAGAAATAAAAAAC,TGCTCTTTCAATGCGACCGCAGACCTAAGAGATAAGCAACAGGAAGTTTATTCACTTTTTTATAAACTAGATATAGTACCAATTCAAAATCACAGTAGCATTTTTAGGTTAATAATTTGT,TGTACCAGACCTGGCAACAATACAAGAAAAAGTATAAGGATAGGACCAGGACAAGCATTCTATGCAGCAGGAGACATAATAGGAAACATAAGAAAAGCACATTGT,TGTAATACTTCAGGCCTGTTTAACAGCACTTGGGATGGCACAGCACAAAGCAACACAGATGATGATGACACTATCCTTCTCCCGCGA,ACTACTAATACTAATGATGACATCTTGCCT
EU480466,TGTACTAATATTAGCAACAGCAGCTGTAACAACAGCAGCAGCCAAGGCAACAACAGCCATGGATGCATAGAGGAAGAAATGAAAGGGGAAATAAAAAAC,TGCTCTTTCAATATGACCACAGAACTAAGAGATAAGCAAAAGAAAAGGCATGCACTTTTTTATAGACTTGATGTAGTACCAATTGAGGGAAATAATAGTAGTCAGGAAAGTGGCTATTATAGATTAATAAATTGT,TGTGTCAGACCTGGCAACAATACCAGAACAAGTATACCTATAGGACCAGGGCGAGCATTCTTTGCAACAGGTGACATAATAGGGGATATAAGAAAAGCATATTGT,TGTGATACATCACCATTGTTTAATAGCACTTGGACTAGTAATGACACTGCCAGAAACGACACAGGGTCAAATGGCAATGACACTATAACTCTCCTATGC,GGTAATAATACAAATGAGACCCAGATCTTCAGGCCT
KX232625,TGTCACAACATATCTAGATCTAGCACAAACATATCTAGATCTGAGGAAATGAAAAAC,TGCACTTTCAATACAACTACATTTATAAGAGATAAGAAACAGAAAGTGGATGCACTTTTTTATAAAATTGATGTAGTACCAATTGAAAATAATAATAGTTCATATTATAGGTTAATAAATTGC,TGTATAAGACCCAACAACAATACAAGAAAAAGTGTAAGAATAGGACCAGGGCAAACATTTTATGCAATGGATATAATAGGAGATATAAGACAAGCATATTGT,TGTAATACAACAAAACTATTTAATAGCACTAATGCAACAAATCTATCTGATAGCAACAATGACAACGAAACTATAACTCTTCCATGC,GCTAATAGCTCGAATAATGAAACTTTCAGGCCT
AF107770,TGTCAGGATAACCTCACTAGCAGCGGCAACATATCGGAAAACATGCAAGGAGAAATAAAAAAC,TGCTCTTTCAATATGACCACAGAACTAAGAGATAAGAAACAGAAAGTGTATGCACTTTTTTATAGATATGATGTAGTACAAATTAATGAAACTGGGGATAACATTCAATATAGGTTAATAAATTGT,TGTACCAGACCTGGCAACAATACAAGAAAAAGTGTACGTATAGGACCAGGGCAAACATTCTATGCAACAGGTGACATAATAGGGGATATAAGACAAGCACATTGT,TGCAATACATCAAATCTGTTTAATAGAACTTGGAATCATAATGGCACTTGGAATGCACCAGGACCGTTTAATGACACTGAGGATAAAACAATAAATGGCACTGAGGATAAAACAATAACTCTCCAATGC,AATGATAATAATAATACAGAGACCTTCAGGCCT
JF683786,TGTCATAACTTCAATGTCAGCAATAGCAGCAAGAACAACACATCTATTGAAATAGAAGGAGAAATAAAAAAA,TGCCATTTCAATGTAACCACAGCGTTAAGAGATAAGAAAAAGAAGGAGTATGCACTTTTTTATAGACTTGATATAGTACCAATTAATGAAAGTCAGGCGAACAGTAGTCAGTATAGGTTAATTAATTGT,TGTACCAGACCTGGCAACAATACAAGAAAAAGTGTACATATAGGACCAGGGCAGGCATTCTATGCAACAGGTGGGATAATAGGAGACATAAGACAAGCACATTGT,TGCAATACATCAAAGTTGTTTAATAGCAGTTGGGGAAACAACACTGCCAGTAACCATACAGAGGCAAGTGGAGAAAATGACACTATAACTATACAATGC,AATAATAGTAGTGGTGCAGATGAGACTTTCAGGCCT
FN432725,TGTCATGACGCCATCAACACTAACATCTCCAGCAATAACAACAGTGCTAGCAATGCCACCACCTATGAGAACCTGAAGGGGGAAATAAAAAAC,TGCTCTTTCAATATTACCACAGAATTAAGAGATAAGAAACAGAAAGTGTATGCACTCTTTTATAGGCTTGATATAGTACAAATGAATGAGAGTAGTCTAGATAATAGTAACAGTAGTCAGTATAGGTTAATAAATTGT,TGTATCAGACCTAACAATAATACAAGAAAAAGTGTACGTATAGGACCAGGGCAAACATTCTATGCAACAGACATAATAGGGGATATAAGACAAGCACATTGT,TGCAATACATCAGAACTGTTTAATAGCACTTGGGAAAGCAATAGCACTGCTAGCTCAAATGGCAGTGTTACTAATGACAATATAACTAATGACAATATAACTCTCCAATGC,CATAATAATAATACAAACACAACTGAAGATAAAAGTGAGATTTTCAGGCCT
KU168265,TGTCATAACTTCAACACCACTAGCAACAACACTAGCACTGTACCTTATGACATAAAAGAGGAAATAAAAAAC,TGCTCTTTCAATATGACCACAATATTAAGAGATAAGAAACAGAAAATGTCTGCACTTTTTTATAGACTTGATATAGTAAAAATTAATGAAAATGCTACTAGTGATAATCAATATAGGTTAATTAATTGT,TGTACCAGACCCAACAACAATACAAGAAAAAGTATGCATACAGGACCAGGGTACGCATTCCATGCACATGGTAACATAATAGGGGATATAAGACAAGCACATTGT,TGTTATACATCAAAATTATTTAATAGCATTTGGAGGAGCAATGACACTTGGAGGAGCGATGGCAATGACCATACAAAGGAAACCATAACTCTCCAATGC,GGGAATAATATGACAAATGAAACCTTCAGGCCT
HQ385449,TGTCAGAACTTCAACAGCAGCAATAACGAAACCGTTATCAGCAGCAGCAGCAACACATCTATTGACATGCGCGAGGAAATAAAAAAC,TGCTCTTTCAATGTGACCACAGAGTTAAGAGATAGGCAAAAGAAAGAGTTTGCACTTTTTTATAGGCTTGATGTAGTACCAATCAATGGAAGTGATGAAAAGAACATTAGTCAATATAGGTTAATAAATTGT,TGTACCAGACCTGGCAACAATACAAGGAAAAGTGTACATATAGGACCAGGGCAAACATTCTATGCAACAGGTGACATAATAGGTGACATAAGACAAGCACATTGT,TGCAATACATCAAGACTGTTTAATAGCACTTGGAATAACATTAATAGCACTGGGTATAACCTCACAGGGTCACAGGAAAATATAACTCTCCAATGC,AATGAAAATAATAATACAAACGAGACCTTCAGGCCT
KX389621,TGTAGTGATGCTAACTTCAATAACAGCAGCAGTAACGACACATCTAGCCAGAGAAACTGTAGTGATGCTAGCAGCCCATCTAACAGCAGTCTTTGTCTCCAGCCAGGGGACATGAAAAAC,TGCTCTTTCAATGTAACCACAGTAATAAGAGATAAGCAAGAGAAAATGGTTGCACTTTTTTATAGAGATGATGTAGTACAAACTGATAGCAGTAGTTATAGGTTAATAAATTGT,TGTACCAGACCTAGCACCAATACAAGGAAAAGTGTACGTATAGGACCAGGACAAGCATTCTATGCAACAGGTGATGTAATAGGGGATATAAGAAAAGCACATTGT,TGCAATACAACAGAACTGTTTAATAGCACATGGAATAGTACCAATATCAATGTGAGTAACAATAGCTCAGATCGCAATATAACT?TCCGCTGC,ACTGAGAATAGGACAGAGAATGAGGAGAATAGTGCAAAGAATGAGACCTTCAGGCCT
EU480471,TGTTTGGACCACCCAAACATAACGGAAGTAAAAAAC,TGCTCTTTCAATATGACCACAGTACTAAGAGATAAAAAACAGAACGGGTATGCACTGTTTTATAGACAAGATGTAGTACAAATTAATGAAACTGCAGTAAATGATAGACAGTATAGATTAATAAATTGT,TGTGCCAGACCTAGCAACAATACAAGAAAGGGTTATCATATAGGACCAGGGCGAACATTCTATGCAAGAGATGCCATAGTAGGGGATATAAGACAAGCACATTGT,TGCAATACATCAGGACTGTTTAATAGCACGTGGTATGGAACTAATAATAGCACTTGGAATAGTAGCACTTGGAATAGCACAGAGTCACAAGGCAATAGTACACGCAATATAACTCTCCAATGC,GATGGAAAGAAGGATAATGAAACTTTCAGGCCT
AY371139,TGTATCCCTTATAATATATCTGATGATATGAGAGGAGAAGTAAAAAAC,TGCACTTTCAATACGACCACAGAATTAAGAGATAAGAGAAGGAAAGAGTATGCACTTTTTTATAGACATGATGTAGTAGAAATGGAAGGAAATGAGAGTAGGTTAATAAGTTGT,TGTACCAGACCTAGCAACAATACAAGAAGAAGTGTGCGTATAGGACCAGGGCAAACATTCTATGCAACCGGTGAAATAACAGGGGATATAAGAAAAGCATATTGT,TGCAATACATCAAGCCTGTTTAATAGCATTTGGAGTACCAATAGTACTGGGAATAACAATAGCACTGGGGATGGCAATATAACTCTCCAATGC,GTTAATAATAGTATAAATGAGACCTTCAGGCCT
AY371137,TGTTCTGACAACGTCACTAACATCACTAACGTGTCTGAGAACATGAAAGGGGAAATAAAAAAC,TGCTCTTTCAATATGACCACAGAATTAAGAGATAAGCAAAGGAAAATGTATTCACTTTTTTATAGACTTGATGTAGTACCAATTAATGGAGATAATGATAGTAGTCAGTATAGACTAATAAACTGT,TGTACCAGACCTAGCAACAATACAAGAAAAAGTATACATATAGGACCAGGACGAGCATTCTATGCAACACATGACATAACAGGGAATATAAGACAAGCACATTGT,TGCAATACATCACAACTGTTTAATAGTACTTGGAATAGTACTTATAGCAATAATGCCAACTTAACAAATGGCACTATAACTCTCCAATGC,ACAAATAATACAAATAATACCGAGACATTCAGGCCT
HQ385474,TGTCATTATAACATTACTGTCTCTAACACCACCAATTCCAACAGCTACAAGGCAAAGGAAGTGGAAATGAGAAAC,TGCTCTTTCAATATTACCACAGTATTAAGAGATAAGAAACAGAAAATGCATGCACTTTTTTATAAACTGGATGTAGTTCAAATTGATAATGGTAATACTAGTAAGGGTCAGTATAGGTTAATAAATTGT,TGTACCAGACCTGATAACAATACAAGAAAAAGTGTGCGTATAGGACCAGGGCAAACATTTTATGCATGGGGTGAGATAATAGGGGATATAAAACAAACACATTGT,TGCAATACATCAAATCTGTTCAACAGCACTTGGGACAATAATACTACCAGCTCAAACTCAACTGACACTAATATAACTCTCAATTGC,AATCATGGTAATGGGACAGGAAATGAGACCTTCAGGCCT
KF561435,TGTCATAACTTCAACAGCAGCAATAGTAGCACCTTTATCAATGGCAGCATATCTAGTGACATGCGGGAGGAAATAAAAAAC,TGCACTTTCAATATGACCACAGAAGTAAGAGACAAGAAACAGAAAGTGTCTGCACTTTTTTATAGATATGATGTAGTACAAATTAATGAAAATAAGAATAGCAGTAGTCAGTATAGGTTAATAAATTGT,TGTACCAGACCTAACAACAATACAAGAAAAAGTGTACGCATAGGACCAGGACAAACATTCTATGCAACAGGGGAGATAATAGGGAATATAAGGCAAGCACATTGT,TGCAATACATCAAAATTGTTTAATAGCACTTGGGACAACAATAGCACTTGGGACAACAATAGCACTTGGGAAAACAATAGCAATACCAACTCAAGTGGCACTATAACTTTCCAATGC,AATAAGAATAATAGTAATAATGAGACTTTCAGACCT
HM215264,TGTCAGGACTTCAATAAAACTAGCCAAAATACAACAATAGATAGTGACATGAAAGGAGAAATAAAAAAC,TGCTCTTTCAATACGACCACAGAACTAAGAGATAAGAGCCAGAAAGTGTATGCACTCTTTTATAAACCTGATGTAGTACAAATTGATAGAAATGGGACTAACAGCAGTTATTATAGGTTAATAAATTGT,TGTACCAGACCTGGCAACAATACAAGAAAAAGTGTCCGTATAGGACCAGGGCAAACATTCTATGCAACAGGTGACATAGTAGGGAATATAAGACAAGCACATTGT,TGCAATACATCAGAACTGTTTAATAGCACTTGGACTAGCAATAACACTTGGGGTAGCAGTAGCTTAAATCACACAAATATAACTCTCCAATGC,ATTGTTAATAGTACAAATGAGACCTTCAGGCCT
AJ286133,TGCCATGACTACAACAGCACCAGTCATAACTACAGCAGCATCAGTAATAACATGACTGAGGAAATGGAAATGAAAGGGGAAATAAAAAAC,TGCTCTTTCAATATGACCACTGAACTAAGAGATAAGAAACAGACGGTGTATTCACTTTTTTATAAACTTGATGTAGTACAACTTGATAATAAGAATAATAGTCAGTATAGACTAATAAATTGT,TGTACCAGACCTAACAACAATACAAGGAAAGGTGTACGTATAGGACCAGGACAAACATTCTATGCAACAGGGGAAATAATAGGGGATATAAGACAAGCATATTGT,TGTAATACATCAGAACTATTTAATAGCATTTGGAATATTAATAGCACTTGGAATAACAGTGACACTGCCAGCTCGAAGCCAAATGACACTATAACTCTACAATGC,GAAGATAATAATGCAAGTGAGACATTCAGGCCT
HQ385457,TGTGGTAATGTCTCTATCAACAGCAGCAGGGAAATGCAAGAAGAAATAAAAAAC,TGCTCTTTCAATATGACCACAGATCTAACAGATAAGAAGCAGGAAGTGTATGCACTTTTTTATAGACAAGATGTAGTAGAAATTGATGAAAACAATAGTAACAAGAGTCAGTATAGGTTAATAAATTGT,TGTACCAGACCTGGCAACAATACAAGAAAAAGTGTACGTATAGGACCAGGGCAAATATTCTATGCAACAGACATAATAGGGGATATAAGACAAGCATATTGT,TGCAATACATCAGAACTGTTTAATAGTACTTGGAATAACAATAGCACTGGGGATAACAATAGCTCAACACCAATAATTCTCCAATGC,AATAATAATAATACAAATGAAACATTCAGGCCT
HQ385462,TGTAGCAATATCACCAGGGCCACTACCAATGTCACTAACAATGTCACTAACAATAATATAGAAATGAAAAAC,TGCTCGTACAATATAACCACAGAACTAAGAGATAAGAAAAAGAAGGAATATTCGCTTTTTTATAAACTTGATATAGTACCAATTGATAGTAGTAATAATAGTGAGCATAGTAATAGTAGTGAATATAGACTAATAAATTGT,TGTACCAGACCTAACAACAATACAAGAAAAAGTATACGTATAGGACCAGGACAATCATTCTATACAACAGGTGAAATAATAGGAAATATAAGACAAGCACATTGT,TGCAATACATCAGGACTGTTTAATAGCACTTGGCCAGAGGCAAATGCCACACAGTCAAATACCACACAGTCAAATAGCACTATAACTCTCCCATGC,AATAATAGTGGAAATAATGGTGAACCTGATATTTTCAGGCCC
KX389614,TGTCATGAAATAAAAGGCAGCAACGGAACCAACGAAACTATGCCAGAGATAAGCAGAAATATATCAGAGGAGATGAGAGAAGAAATAAAAAAC,TGCTCTTTCAATGCGACCACAGAATTAAGAGATAAGAAACAGAAAGTGTATTCACTTTTTTATAGAACTGATGTAGTACCAATTAATGAAAGTGACAATAGTAGTATTCAGTATAGGTTAATAAATTGT,TGTACCAGACCTAACAACAATACAAGAAAGAGTGTGCGTATAGGACCAGGGCAAACATTCTTTGCAACAGACATAATAGGGAATATCAGGGAAGCACATTGT,TGCAATACATCAAAACTGTTTGATAGCACTTGGCCTACAAATAGCACTTCAAATGGCACTATAACTCTTCAATGC,ATAAGGAATGATACAGATAAGAATGAGACTTTCAGGCCG
JQ316136,TGTCAGACCTTCAACGGGAGCAGCAACATAACTAACGAAATGCTAGGGGAAATAAAAAAC,TGCTCTTTCAATATGACCACAGAATTAAGAGATAGGAAAAAGAAAATGTATGCACTCTTTTATAGAATTGATGTAGTACAAATTAGTGAAAATAACAGTACAAAGTCTCGGTATAGGTTAATAAATTGT,TGTACCAGACCTAATAACAATACAAGAAAAAGTGTACATATAGGACCAGGGCAAGCTTTCTATGCAACAGATGACATAATAGGAGATATAAGACAAGCACATTGT,TGCAATACATCAAGATTGTTTAACAGCACTTGGGAGAACAAGATCAGCTCAGCGTCAAATGACTCTATAACTCTCCCATGC,AATAGTAATGGTAAAAATGAGACCTTCAGGCCT
FJ694791,TGCAGCAATCCTGTAAATGTCAGCAATAGTAACATCTCCAATAGTAGCATCTCTAACACAGGCCTGCAAGAGGACATGCGAAGGGAAATAAAAAAC,TGCTCTTTCAATGTGACCACAGTACTAAGAGATAAGAAACAGAATGTGCATGCGCTTTTTTATAGATCTGATGTAGTACAAGTTAATGATAGTAGTAGTAATACTAGTTATTATAGGTTAATAAATTGT,TGTACCAGACCTAACAACAATACAAGAAAAAGTATACGTATAGGACCAGGACAAACATTTTTTGCAGCAGGTGACATAATAGGAGATATAAGACAAGCATATTGT,TGCAATACATCAAAACTGTTTAATAGCACTTGGGGGAACAATACT??G?GGAACAGTACT?GGGAGA?CAGTAACAGTA?CTCAACTATAA?TCTCCAATGC,GATAATAACACG?AAAATGAGACTTTCAGGCCT
EU513182,TGTAGTAGTGTCAGCAACAGTAGCAGCAGCAACAGTACCTATAACATCACCGTTAGCCAGTCTATGGAAGGGGAAATAAAAAAT,TGCTCTTTCAATATGACCACAGAACTAAGAGACAAGAAAAAGAAAGTGTACGCACTTTTTTATAGACTTGATGTAATAGAAATTAATGATACTAGTAGTAGTAATAGTGATAATAGCAGTAGTACTCAGTATAATTATAGGTTAATAAATTGT,TGTACCAGGCCTAACAACAATACAAGAAAAAGTATACATATGGGACCAGGACAAGCATTCTATGCAACAGATGCAGTAATAGGGGATATAAGACAAGCATATGGT,TGCAATACATCAAGACTGTTTAATAGCACTTGGAATAATAGTAGCATTTGGGATAATAGCACTGGGGACTATAACAGCACTAAGGACAACGAGACAATAACTCTCCCATGC,ATTAATAATAGTACGAGTGAGACATTCAGGCCT
JF683799,TGTAGCGATGCCAACGTCAACAGCACCTATATAAATGGCACTAGCACCAAAGGTAATATAGAAATGAAAAAC,TGCTCTTTCAATATGACCACAGAACTAAGAGATAAGAAAAAGCAAGAGTATGCACTTTTTTATAGACAAGATGTAGTACAAATTGATAACAGTAATCAGTCTCAGTATATGTTAATAAATTGT,TGTACCAGACCTAGCAACAATACAAGAAGAAGAGTGCGTATGGGAATAGGACCAGGGCAAACATTCTATGCAACAGACATAATAGGGAATATAAGACAGGCACATTGT,TGCGATACATCAAGACTGTTTAATAGCACTTGGGATACTAGCACTGGGTATGACAATAGCAGCAGAGACAATGACACTATAACTCTCAAATGC,AATAGTAGTGGTGCAAATGAGACCTTCAGGCCT
AY231152,TGTTATAGCTACAACACCAGCAGTATCAGCATCTTTGACATACGAAGGGAAACAACAAAC,TGCTCTTTCAATATGACCACAGAACTAAGAGATAAGAAACAGAAAGTGAATGCACGTTTTTATAAACTTGATGTGGTACAAATTGATAATAGTAGTAGGCAGTATAGGTTAATAAATTGT,TGTACCAGACCTAACAACAATACAAGTAAAAGTGTACGTATAGGACCAGGGCAAACATTTTATGCAACAGGTAGAATAATAGGGGATACAAGACAAGCACATTGT,TGCAATACATCAATACTGTTTAATAGCACTTGGAATACCAATGACACTTGGAATATCAATAACACTGACACAGAGTCAAATGACACTATAACTATCCAATGC,AATCATAATAATACAAATGAGACTTTCAGGCCT
EU480469,TGTCAAGATGTCCAAAACAGCACTAACAGCACTAGCAGTGACAGAATCATGTCTAAGGAAATGCAAGGGGAAGTAAAAAAC,TGTTCCTTCAATGCGACCACAGAAATAAGAGATAAGAAAAATAAGGTGTATGCACTTTTTTATAGACAGGATGTAGTACAAATTGATAAGAACAATAGCAGTAGTAATAGTAGTCAGTATATCTTAACAAATTGT,TGTACCAGACCTGGCAACAATACAAGAAGAAGTGTACGTATAGGACCAGGGCAAATGTTCTATGCAACAGGTGACATAATAGGGGATATAAGACAAGCACATTGT,TGCAATACATCAAGACTGTTTAATTTCACTTGGTATACCAACGACACATGGTCAAACTACACAGGGCCAGATGACAATGACACTATAATCCTCCCATGC,AGCAATACAAATGAGAGCAGTACAAATGAGACCTTCAGGCCT
HQ385470,TGCACCAATGGCAATGCCACCTATAAAAATATCACTGATATAGGAATGAAAAAC,TGCTCGTACAATGTAACCACAGAAGTAAAAGATAAAAAAAAGAAAGTATATTCACTTTTTTATAGACTTGATGTACTACCAATTAATGAAAATAGAAGTGAGTATAGACTAATAAATTGT,TGTACTAGACCCAACAACAATACAAGAAAAAGTATACATATAGGACCAGGACAGGCATTCTATGCAGCAGATGACATAATAGGGAATATAAGACAAGCGCATTGT,TGCAATACCTCAGGCCTGTTTAATGGTACTTGGAATGGCACTGACATCAATAGCACGGACATTGGGGAAAATGCAACAATAACTCTCCAATGC,ATTGTTAATGGCAGAGAAAATGAGACTTTCAGGCCC
KX228824,TGTAGTGACTTCAACAGAGAGGAAATGAAAAAC,TGCTCTTTCAATGTGACCACAGAACTAAGAGATAAGACAAAGAAGGTGCATTCACTTTTTTATAGAGTTGATATAGTACCACTTAATGATTATGGATTAATAAACTGT,TGTATGAGACCTAACAACAATACAAGAGAAAGTGTACGTATAGGACCAGGACAAGCATTCTATGCAACAGGTGAGATAATAGGGGATATAAGACAAGCACACTGT,TGCAATACAACAGAATTATTTAATAAATCAAATGATACTATAACTCTCCAATGT,GGTAATGAAAGCACAAGAGATAATGAGACATTCAGGCCT
AY371125,TGTACCCCTTTCAATAAAACCTCTGGCAACGACACCTCTAGTTACAATAGCTCTGAGGGATTGCAGGGGGAAGTAAAAGAC,TGCTCTTTCAACATGACCACAGAACTAAGAGATAAGAAAAAGAAAGTGCATTCTCTTTTTTATAGACTTGATGTAGTACCTATTAATGAAAATAGTACTAATAATGGTAGTGGGGAGTATAGACTAATAAATTGT,TGTACCAGACCTAGTAACAATACAAGAACAAGTGTACGTATAGGGCCAGGACAAACATTCTATGGTACAGGTGAAATAATAGGGGATATAAGAAAAGCATATTGT,TGCAATACATCAGGACTATTTAATAGCACTTGGACTTGGAATAGTGATAATAACACTGGATATAGCAACAACACTAGTGAACTTATAACTCTCCAATGT,AATAATAGTACAAATGAGACATTCAGGCCT
GU201512,TGTACCTCTAACATCACCTATAGCAGCGCGTCTAATACCACAAACGTGTCTAGTAACATATATGAGGAAATGACAAAC,TGCTCTTACAATGTGACCACAGAAATAAGAGATAAAAAACAGAAAATGCATTCACTTTTTTATAAACTTGATGTAGTACCAATTAATGAAGATAATAGTAGTAGTAGGGAGTATAGACTAATAAATTGT,TGTACCAGACCTAACAACAATACAAGAACAAGTGTACGTATAGGACCAGGACAAACATTCTATGCAACAGGTGAAATAATAGGGAATATAAGACAAGCACATTGT,TGCAATACATCAGGACTATTTAATAGCACTTGGAATACCAGCTCATTGTCATTAAATTACACAGGGTCAGAGGACAATATAACTCTCCAATGC,AGCAGTAGTGATACAAATGAGACATTCAGGCCT
AB049811,TGTCATGATGCTAAATTCAACATCTCTGCTAACTTAACCAATAACATGCAAGGGGAAATAAAAAAC,TGCTCTTTCAATATGACCACAGAAGTAAAAGATAAGAAAAGGAGAGTGTCTGCACTTTTTTATAGACTTGATGTAGTACAAATGGATGGTAATAGTAATAAAAATAGTAGTCAGTATAGGTTAATAAATTGT,TGTACCAGACCTAACAACAATACAAGAAAAAGTGTACGTATAGGACCAGGACAAACATTCTATGCAACAGGTGACATAATAGGAGATATAAGACAAGCACATTGT,TGCAATACATCAGAACTGTTTAATAGGAATTACAATAGGTCTAGCAATAGCACTTGGAATTACAATAGTTCTAGCAAGGGCACAGAGTCAAATGGCACTATAATTCTCCAATGC,AATGGTAATAGTACAAATGAGACTTTCAGACCG
HQ912710,TGTCGCAATAGCACCACCCTTGGCAATGGAACTAATGACATGCCAGGGGAAATAAAAAAC,TGCTCTTTCAATGCGACCACAGAATTAAGAGATAAGAAACAGAAAGTGTATGCACTTTTTTATAAACTTGATGTAGTACAAATTAATGAAACTAACAATAGTAGTCAGTATAGGTTAATAAATTGC,TGTACCAGACCTAACAACAATACAAGAAAAAGTGTACGTATAGGACCAGGACAAACATTCTATGCAACAGGTGACATAATAGGGAATATAAGACATGCATATTGT,TGCAATACATCAGAACTGTTTAATAGCACTTGGAATAACAATAGCATTGCCAACTCAACAGATAGCAAGAGCACCATAACTCTCCAATGC,AATAATAATAGTACAAATGAGACCTTCAGGCCT
JX447146,TGCTATAACACCTCCATCAGGAGTAGCATATCTAGTGAAATGAAAAAC,TGCTCTTTCAATATGACCACAGTACGAAGAGATAAGAAAAAGAAAGAGCATGCACTTTTTTATAGGCTTGATATAGTACAAAATAATGATAGTAGTTATAGGTTAATAAATTGT,TGTACTAGACCTAGCAACAATACAAGAAAAGGTGTACATATAGGACCAGGGCAAGCATTCTATGCAATAGAGGATGTAACAGGAGATATAAGACAAGCATATTGT,TGCAATACATCAGGACTGTTTAATAGCACTTGGAATCACAATAGCACTTGGAATAGCACTGATCACAATATCTCTGACAACTCAAACCCCGATATAACTCTCCAATGC,AGTAGTGAGAATAGTACAATTGAGACTTTCAGACCT
KX389649,TGCTATAATTACACCCGTAACAGCAGCATATATGGTAATTTCACTGATGAACTGCGAGGGGAGATAAAAAAT,TGCTCTTTCAATATGACCACAGAATTAAGAGATAGAAAACAGAAAGTAGAGGCACTTTTCTATAGACAGGATATAGTATCAATTGAGGAAAATAAGAATCCTAGTCATTATAGGTTAATAAATTGT,TGTACCAGGCCTAACAACAATACAAGGAAAAGTGTACCTATAGGACCAGGGCGAGCATTCTATGCAACAGGTGACATAATAGGGGATATAAGAAGAGCACACTGT,TGCAATACATCAGGACTGTTTAGTAGCGTTTGGAAGAACGATACCAATGCAACGATAACTCTCCAATGC,GATAATAATAGTACAAATGAGACTTTCAGGCCT
KT124792,TGTAGTGACCCTACCAACAGCACCTCTACCAACTCCTCCTCTGACAGCCCCTCTAACAGTACCATATCCCTTACCACTAACAGTACTGATATGAAAAAC,TGCTCTTTCAATATAACCACAGAATTAAAAGACAGGAAAAAGAAAACGTATGCACTTTTTTATAGACTTGATATAGTACAAATTAATGAGACAGTTGATAATAATAATACAAGTAGTAATAATCAGTATATGTTAATAAATTGT,TGCACCAGACCTGGCAACAACACAAGAAAGAGCATACATCTAGGGCCAGGACAAACACTCTATGCAACAGGTGACATAATAGGGGATATAAGACAAGCACATTGT,TGCAATACATCAGGACTGTTTAATAGCACTTGGATCAATGGGAGCTGGGTCAATAATGATACCTGGGCCAATAATGATACCTCAAAAAATATAACTCTCCAATGC,AATAATAGTAGTGGAAATGAGACATTCAGGCCG
KX232598,TGTACTAATGTTACCTACAATTCTAATGAGAAGGTGCAAGGGGAGATAACAAAT,TGCACTTTCAATACAACCACATTTATAAGGGATAAGAAACAGAAAGTGGAGGCACTTTTTTATAAACTTGATGTAGTACCAATTGAAAAGAATACAAATCGTTATAGGTTAATAAATTGC,TGCATAAGACCCAACAACAATACAAGAAAAAGTGTAAGAATAGGACCAGGGCAAACATTTTATGCAACAGGTGAAATAATAGGAGATATAAAGAAAGCACATTGT,TGTAATACAACAGGACTATTTAATAGCGCTTGGCAATTTAATAGCGCTTGGCAGGAGAATGACACTGAAACAGAGGGAAATATAACTCTTCCATGC,ATTAAGAATAGTACGAATGAAACTTTCAGGCCT
AB231895,TGTACCAATGTAAACAGTACCAATATAAACGGTACCATTATAAACAGTACCAATATAAATGGTACAAACAGCATGCGAGAGGAAATGAGAAAC,TGCTCTTTCAATATAACCACAGAAATAAGGGATAAGAAACGGAGGGAGCATGCACTTTTTTATAAACCTGATATAGTACAAATTAATGATACTGAGACTAGGAACCAGACTAGGAACAAGTATATCTTAATAAATTGT,TGCACCAGACCTAGCAATAACACAAGAAAAGGTATACATATAGGACCAGGGCAAACATTCTATGCACACGGTGACATAATAGGGGATATAAGACAAGCACATTGT,TGCAATACATCAGGACTGTTTAATAGTACTTGGTATAGCGATACCACTGCAAACCAAACAGAGTCAAATGACACCATAACTCTACAATGC,AATAAGAATCATACAAATGAGACCTTCAGGCCT
HM215292,TGTCATAATATCACCACCAATACCACCAATAACATAACTAACGAAACTAGAGAAGCGATAGGAGAAATGAAAAAC,TGCTCTTTCAATATATCCTCAGATGTAAGAGATAAGAAACAGAAAGCGTATGCAACTTTTTATAACCTTGATATAGTACAAATAATTGATGCAACTAACAGTAGTCAATATAGGTTAATAAATTGT,TGTACCAGACCTAACAACAATACAAGAAAAAGTATACGTATAGGACCAGGACAAACATTCTATGCAACAGGTGAAATAATAGGGAATATAAGACAAGCACATTGT,TGCGATACATCAAAACTGTTTAATAGCACTTGGACCAAAAATAGCACTTGGAACACTACAGAATTAGGTGGCAATATAACGCTCCAGTGC,AATAATAATGCAAGTGAGACTGAGACCTTCAGGCCT
DQ313247,TGTGATGATCTCAACAATGCCACCAATGCCACTATTGACAACAATGTAATGACAAAC,TGCTCTTTCAATATAACTACAGAAATAAGAGATAAGAAAAAGAAAGAGTATGCACTTTTTTATAGACAGGATGTAGTACAAATGCATGAAAGTAACAGTAGTAGTATTCAGTATAGGTTAATAAATTGT,TGTAGCAGACCTGGCAACAATAAAAGAAGAAGTATACGTATAGGACCAGGGCAAGCATTCTATGCAACAGGTGAGATAATAGGGGATATAAGAGAAGCAAGTTGT,TGTAATACAACAGATCTGTTTAATAGCACTTGGGCTAATAATAGCAATAAGTGGGACTCAACAGCCCCAGAGAATGGCACTATAACTCTCAAATGC,GAAAATAGTAGTGAGCCCAGTGAGACCTTCAGGCCT
HQ385447,TGTTCTGAAGTCAGCAACAGTACCAATAGCAATATTAGCATCATAGATAATGAAATGAAAGGAGAAATACAAAAA,TGCTCTTTCAATATGACCACAGAAGTAAGAGATAAGAAAAAGAAGGAGTATGCACTTTTTTATAGATCTGATGTAATACAAATTGATACTGAGAATAAGAGTAACAGTAGCTACTATAGGTTAATAAATTGT,TGTACCAGACCTAATAACAATACAAGCAAAAGCATGCGTATAGGACCAGGGCAAACATTCTATGCAACAGACATAGTAGGGGATATAAGACAAGCACATTGT,TGCAATACAACAGCACTGTTTTATGGTACATTGTATAACAATGACACTTGGGATAGAAATAGCACTTGGGATAACAACAACTCAACAAATATAACTCTCCAATGC,AATGATAATGCAAATGAGACCTTCAGGCCT
HM215291,TGTCATAGTTACAACAGCAACAACAGCAGCAACAGCAGCGCCTTTGCCAACAGTAGCATGATTGGACAGGAAATGAAAAAC,TGCTCTTTCAATATGACCACAGAAATAAGAGATAAGAAAAAGAAAGTGAATTCACTTTTCTATAAACTTGATATAGTACCAATAGATGGTAATAGTAGTCAGTACAGATTAATAAATTGT,TGTACCAGACCTGGCAACAATACAAGAAAAGGTATACATTTAGGACCAGGACAAACATTCTATGCAAGAGGAGACATAACAGGGGATATAAGACAAGCACATTGT,TGCAATACATCAAAACTATTTAATAGCACTTGGAATAGCACTGAAAATAACAATACCAGTGACACAAATGGTATTATAACTCTCCAATGC,GATAATGATAGTACAAATGAGACCTTCAGGCCT
KX232622,TGCCATGGCAACATAACTATCAACAGTACCAACAGTGCTAATAGCAGTTCTGAGGGCAAAAATATATCTGCAGCAGAAACGGAAGGGGAACTGACAAAC,TGCACTTTCAATACAACCACATTTATAAGGGATAAGCAACAGAGGGTGACTGCACTTTTTTATAAAGTTGATGTAGTACCAATTAATGGAAATAATACACATTATAGGTTAATAAATTGC,TGTACGAGACCCAACAACAATACAAGAAAAAGTATAAGAATAGGACCAGGGCAAACATTTTATGCAACAGGAGAAATAATAGGAAATATAAGACAAGCATATTGT,TGTAATACAACAAAACTATTTAATAGCACTTGGAATAGCAATGGCACTTGGAATAGCACTGGGAAGGACAATAGCACTGGAACAGGGAACGATACAATAACTCTTCCATGC,GTTAATAGTACTACAAATGAAACTTTCAGGCCT
HQ385476,TGTAAGGACTACAATGGCACCGCCAACACAACTAACATCACCACCAACATAAATAATGACATGAGGGGAAATAAAAAC,TGTTCTTTCATTATGACCACAAAAATAAAAAATAACAACCAGGAGGAGGATGCTCTTTTTTATATACTTGATGTAGTACAACTTAGTAACAATAGTACTAGTAGTCAGTATAGGTTAATAAATTGT,TGTATCAGACCTGGTAACAATACAAGAAAAAGTGTACGTATAGGACCAGGGCAAGCATTCTATGCAGCAGATGGCATAATAGGGGATATAAGACAAGCACATTGT,TGCAATACAACAAAACTGTTTAATAGCACTTGGAACCATACTACTAGCAATACTAATGCCAGCTCAAATGGCACTATAACTCTCCAATGC,GAGAATAAGAGTAGTGATACTCAGATCTTCAGGCCT
KP411844,TGTAGCAACATCAAAAAAGATGTTAACAGCAACATTACTGTTGACGGCAAAAGGTTAACGGAGCACGGAGAAATAAAAAAC,TGCTCTTTCAATGCGACCGCAGACCTAAGAGATAAGCAACAGGAAGTTTATTCACTTTTTTATAAACTAGATATAGTACCAATTTTAAATCACAGTAGCATTTTTAGGTTAATAATTTGT,TGTCTCAGACCGTACACCAATAGAGGAAAAGATTGGCATATAGGACCAGGAAGAACATTCTCTGCAACAGGTGGCATAGAAGGGGACATAAGAAGAGCATATTGT,TTCTGCACCACAACACCACCCACTTGCACCGGCAGTAGTAGTACTGGCAACAGCAACGGCAACAGGGACAACAATAGCACTAGCACCATAACCATACCTTTC,AGGGTTAATAATACAAATGAAACATTTAAGCCT
EU480470,TGTTCCGAGTTTAAACCCACCCATAACTCCACCCATAACATAACTGGGGAAATGAGAGGGGAAATAAAAAAT,TGCTCTTTCAATATAACCACAGAACTAAGAGATAAGAAACAGAAACAGCATGCACTTTTCTATAGACTTGATATAGTAGAAATTGAAAATAGTACTGTAGGAAATACTAGTCTGTATAGGTTAATAAATTGC,TGTAGCAGACCTAACAACAATACAAGAAAAAGCATGCGTATAGGACCAGGGCAATCATTTTATGCAACAGGTGACATAATAGGGGATATAAGACAAGCACATTGT,TGCAATACATCAGGACTGTTTAATAGCACTTGGTATAGCAATAGCACTTGGAATACCAGCTCAGAGTCCAATGACAATGACACTATAACTCTCAGATGT,AATAATAATAATAATAGTAATGAGACTTATGAGACTTTCAGGCCT
AF391551,TGCCATAACTTCAATAACTTCAATAGCAGCAATAACAGCACCCCTATCAACAACACCATATATAATGGCATGCAAGGGGAAATAAAAAAT,TGCTCTTTCAATACAACCACAGAATTAAGAGGTAAGACAAAGAAACAGTATGCACTTTTTAATAAACTTGATGTAGTACAAATTAATGATAAGAATAATAGTCATAGTAATAATAGACGGTATATGTTAATACATTGT,TGTACCAGACCTAACAACAATACAAGAAAAAGGGTAGGTGTAGGACCAGGGCGAGCAGTCTATGTAACAAATGCCATAATAGGGGATATAAGACAAGCACATTGT,TGCAATACATCACAACTGTTTAATAGCACTTGGTATATCAATGGCACAAACCACACAGGGCCATATGACACTGACACTATAACTCTCCGATGC,AAAATTAATAGTACAAATGAGACTTTCAGGCCT
KX228823,TGTCAGAACTTAAATAAAGGGGAAATAAAAAAC,TGCTCTTTCAATAGTACCACAGAACTAAGAGATAAGAGACAGAAAGTGACTGCACTTTTTTATAAACTTGATGTAGTACAAATTGATAATAGTAGCAGTAATAGTGGCCAGTATAGACTAATAAATTGT,TGTACCAGACCTGGCAATAATACAAGAAAAAGTGTACGTATAGGACCAGGACAAGCATTCTATGCAACAGGTGATATAATAGGGGATATAAGACAAGCACATTGT,TGTAATACATCAGGACTATTTAATAGTAGTGAAAATGATATTATAACTCTCCAATGC,AATAATATGACAAATGAAACCTTCAGGCCT
JF706428,TGCACTGATCAGGTCAAAATCAGTCGGATCAGTCAGAATTCCACCAACAGCACTCAGCCCACCCCCACTACCTCTACTAACAAGACCTCTATCAACAATAGTGACATGAAAAAC,TGTTCTTTCAATACAACCACAGAAATAAGAGATAAGATAAAGAAAGAGTATGCACTTTTTTATAGACAGGATATAGTACAAATTGATGAAAGAAATAACAATAGTGAATATAACAGTAGTAAATATATGTTAATAAATTGT,TGTAGCAGACCTAACAACAATACAAGAGTAGGTGTGCATCTAGGACCAGGGCAAGCAATCTATGCAACAGGTGGCATAGTAGGGGATATAAGACAAGCACATTGT,TGCAATACATCAGGACTATTTAATGGCACTTTGAATGGCACTGAAACTTGGAATAACACTTGGGGTGACAGTAGCAATGAGAATGAAAATGAGAATATAACTATCCAATGC,GGTAATAATAGGACAAATGAGACCTTCAGGCCT
HQ385460,TGTAATAACGTCGAATCTAATAATAAAACTTTTAACATGACTAAGGAAATGAAAGGGGAAATAAAAAAC,TGCTCTTTCAATGTGACTACAGACTTAAGAGATAAGAAACAGAAAGTATATGCACTTTTTTATAGACCTGATGTAGTACAAATTAGTGAAAGTAAGCATACTAATGTAAGTAATAGTACTGATGCAAATAGTACAAATAAGTATGAACAGGATAGGTATATAAATTGT,TGTACCAGACCTGGCAACAATACAAGAACAAGTATACGTATAGGACCAGGGCAAACATTTTATGCAACAGGAGAAATAATAGGGAATATAAGAGAAGCACATTGT,TGCAATTCATCAGCACTGTTTGATACAACATGGAACGCCACTACATGGAATAATACCATAGAGTCAAATAATACCACAGGGCCAAACGATACAATCACACTCCACTGC,AATGGTAATAGTAGTGGTGGTGCAAATGAGACTTTTAGGCCT
AY371128,TGTACTAACCTCAACAGCAACAGCACAGATAGTGGCATGAAAAAC,TGCTCTTTCAATGTAACCACAGAACTAAGAGATAAGAAGAAAAAAGAATATGCACTTTTTTATATACATGATGTAGTACAAATTAATGAAAGTGCCAGTAGTCAGTATATGTTAACAAATTGT,TGTGTCAGACCTGGTAACAATACAATAAGGAGTATACGTATAGGACCAGGACAATCATTCCATGGAACAGGTAATATAATAGGGGATATAAGACAAGCACATTGT,TGCAATACATCAAAACTGTTCAATAGCATTTGGACTTTGGAGAATGGCAATTGGACTAACAATAGCACAGAAAATGGAAATGACACTATAACTCTCCAATGC,AACAGTGGTGGTGCAAATGAGACCTTCAGGCCT
AY271690,TGTTCTGACGTCACCTTCAACAGAACCTTTGATAGTGAAATGAAAAAGGAAATAAAAAAC,TGCACTTTCAATACGACCACAGAAAGAATAGATAAAAAAGAGAAAGCATATGCACTTTTTTATAAACTTGATATAAAAGAACTTGAGGGAAGTAAGGATAATAGTAGTAATAGTAGCCAGTTTATACTAATACATTGT,TGTACCAGACCTGGCAATCCTATAAGAAAAAGGGTAGGTATAGGACCAGGACAAGCATTCCATGCAACAGGTAATATAATAGGAGACATAAGACGAGCACAGTGT,TGCAATACATCAGGACTATTTAATAGCACTTGGAGTAGGAATAGCACTGATAACAGCACTTGGAATATCAATGACACTGTCAGCTCAAATCACACAGGAAATATAACTCTCCAATGC,ACAAAAAATCAGAATGCAAGTGAGGAATTTAATACAACTGAGGTATTCAGACCT
KY989950,TGTTCTGATGCCAGGGTCAACAAGACCTCTAACGTGACCACTAACGAAGTAAAAAAC,TGCTCTTTCAATGCAACCACAGAATTGAGAGATAAGAGACAGAAAGTGTTTTCACTTTTTTATAGACTTGATGTAACACAAACAGAGATTAATGGAACTCAGTATAGGTTAATAAATTGT,TGCACCAGACCTAGCAACAACACAAGAACAAGTGTACGTATAGGACCAGGACAAACATTCTATGCAACATCAGACATAATAGGGGACATAAGACAAGCACATTGT,TGTAATACATCAAAATTGTTTAATAGCACTTGGAATACCAGCCACACAGAGTCAGGTGACAATATAACTCTCCCATGC,GAGGAAAATAGGAATGGGACAAACGGGAATGGGACAAAGGAGGAGACCTTCAGGCCT
EU884501,TGTCATGATTTAAACAATACTAACATAACTATTGAAGGTGACATGGGGAAGGAAATAAAAAAC,TGCTCTTACAAGGTGACCACAGAACTAAGAGATAAGGAACAGAATATGACTTCACTTTTTTATAGAGCTGATTTAGTAGAAGTTAATGAAAATAAGAGTGAGTATATACTAATAAATTGT,TGTATCAGGCCTAACAACAATACAAGAGAAAGTGTACGTATAGGACCAGGACAAGCATTCTATGCAAGAGGTGACATAATAGGGGATATAAGACAAGCACATTGT,TGC?ATACATCAAGACTATTTAATAGTACTTGGGATAATGGTAATTTGACTTTCAATGGTTCTCAGAGCACTTTAAAAAACACCTCAACCAACTTAAATGAAACAATAACTCTCCCATGC,AACAAAAATGAGACAGAAGGAAATGAGACATTCAGACCT
AY371132,TGTCAGAACGCCAACATCAGCACCCCTAACATCAGCATTCCTGGGGAAATAAAAAAC,TGCTCTTTCAATATGACCACAGAACTAAGAGATAAGAGGCAAAAAATATATTCACTTTTTTATAGACTTGATGTAGTACCAATTAATGAGAATAGTAGTCAGTATATGCTAATAAATTGT,TGTATTAGACCTAGCAACAATACAAGAACAAGTGTACGTATAGGACCAGGACAAACATTCTATGCAACAGGTGACATAACAGGGGATATAACAAAAGCACATTGT,TGCAGTACATCAAGACTATTTAATAGCACGTGGGATAATAGCACGTGGAATAACAATACCACTGACACAGATGACATAACTCTCCCATGC,AATAATAGCACAAATGAGACATTCAGGCCT
EU480475,TGTACTGAAGCCAAATTCAACAGCAGCAACAGCAGTACATCTATACTTGATGATAGGCCAGAAGTAAAGAAC,TGCTCTTTCAATATGACCACAGAAATGAGAGATAAGAACCAAAAAGTGCATGCACTCTTTTATAAACTTGATGTAATAGAAATGGATGGAGATAACAGTACTTATAGGTTAATAAATTGT,TGTAGCAGACCTGGCAACAATACAAGACAAAGTATACGTATAGGACCAGGGCAAACACTCTATACAAATCCCATAATAGGGGATATAAGACAAGCACACTGC,TGCAATACAACAGAACTGTTTAATAGCACTTGGGGTAACGAGACCTCTGACAACCACACAGGGTCAGGTAACATAACTCTCCAATGC,AAAAATAATAGTACAAATGAGACTTTCAGGCCT
JN248589,TGTAATAATGTCAGCAACAGCAACGTGTCTCTGGACATGGTAGAGGAAATAAAAAAC,TGCTCTTTCAATATGACCACAGAAGTAAGAGATAAGAAAAAGAAAATGTATGCACTTTTTTATAGACTTGATGTAGTACAAATTAATAATGAGAGCCAGTATAGGCTAATAAATTGT,TGTATCAGACCTAACAACAATACAAGAAAAGGTGTACATATAGGACCAGGGCAAACATTCTATGCAACAGGTGAAATAATAGGGAATATAAGACAAGCATATTGT,TGCAATACATCAGACCTGTTTAATAGCAGTTGGGATAATAACAATAACACTGATAGCTCAAACCACACAGGGTCAGGTAACGATACCATAACTCTCCAATGC,AATAATACTAAGGCAAATGAAACCTTCAGGCCT
AY371127,TGTAACAACAACGTCAGTTTTACTAACAACAGCACAGATAGTGGAATGAAAAAC,TGCTCTTACAATATGACTACAGAATTAAGAGATAAGAAAAAGAAGGTGTATTCACTTTTTTATAGACAGGATATAGTACAAATTAATGAAAATGAAAGTAACAAGAGTGAGGATGACAGTGAGTATAGGTTAATAAATTGT,TGTACCAGACCTAACAACAATACAAGAAAAAGTGTACGTATAGGACCAGGACAAACATTCTATGCCACAGGTGAAATAGTAGGGAACATAAGACAAGCATATTGT,TGCAACACAACAGACTTATTTAATAGCACTTGGGATAACAGTAGCATTGAGACTAACTATAGCACTGGGAATAACAATGAAACTATAACTCTCCAATGC,AACAATACTGAGGCAAATGAGAATGAGACATTCAGGCCT
AF069933,TGTACTGAAGTACAAAACACCACTAACAGCAGAAACATATCTTATGAAATGAGAGAGGAAATAAAAAAC,TGCTCTTTCAATATGACCACAGAACTAAGAGATAAAAGACAGAAAGTGTATTCATTGTTTCATAGACTTGATGTAGTACCAATTAATGAAGGTAATAGTAGTAATGACAGTAGACCGTATAGACTAATAAATTGT,TGTACCAGACCTGGCAACAATACAAGGAAAAGTGTACGTATAGGACCAGGACAAACATTCTATGCAACAGGTGACATAATAGGGGATATAAGACAAGCACATTGT,TGCAGTACATCAAAACTTTTTAATAGCACTTGGAATAACAGTAACATTAGCAGCTCAAATAACACAGATTCAAATGACACTATAACTATCCAATGC,GAAAATAATGGGACAAACGGGACAGAGACATTCAGGCCT
EU480472,TGTCATGATTACAACAACACTCACAACAACAGCATGCCAGGGGAAATAAAAAAC,TGCTCTTTTAATATGACAACAGAATTAAGAGATAAGGAAAAGAGAATGAATGCACTTTTTTATAGACTTGATGTAATACAGATTAATAATAGTCAAATTAATAATAGTCAGTATAGGTTAATAAATTGT,TGTACCAGACCCAATAACAATACAAGAAAAAGTGTACGCATAGGACCAGGGCAAACATTCTATGCAACAGGTGACATAATAGGAGATATAAGACAAGCACATTGT,TGTAATACATCAGAATTGTTTAATAGTACTTGGCCTAACAATGCCAACTCAACCCACACTAACAATGCCAACTCAACCCACACAAATGATACTATAATAACTCTCCAATGC,AAAAATAATAGTACAAATGAGACTTTCGAGACTTTCAGGCCT
GU201499,TGTTATAACTACACTGTCAACAGCAATAATAGCAACAGCAACAATAACAGTATCTATAACAGCAGCATGTCTCCTGACATGGAAGGAGAAATAAAAAAC,TGCTCTTTCAATAGCACCACAGAAATAATAGATAGGAAAAAGAGAGAGTATGCACTTTTTTATAGAAGTGATGTAGTAGAAATGGAGAAAAACAATAATACTTATAGGTTAATAAATTGT,TGCACCAGACCTGGCAACAATACAAGCAAAAGTGTGCGTATAGGACCAGGACAAGCATTCTATGCATCAGGTGCCATAATAGGGGATATAAGACGAGCACATTGT,TGCAATACATCAAAACTGTTTAATAGCACTTGGATTAATGGCACTAGCAATTGGATTAATGACACTTGGACTAATGGCAATGAGGATGATAATAAAATAACTCTCCAATGC,AATAATAATAGTGCTGCAAATGAAACCTTCAGGCCT
KY820466,,ACCCTTTGT,TGTACCAGACCTAATAACAATACAAGAAAAAGTGTACATATAGGACCAGGGCAAGCTTTCTATGCAACAGATGACATAGTAGGAGATATAAGACAAGCATATTGT,TGCAATACATCAAGATTGTTTAACAGCACTTGGGAAAACAAGACGACCAGCTCAGCGTCAAATAACTCTATAACTCTCCCATGC,AATAGTAATAGTACAAATGAGACCTTCAGGCCT
EU513184,TGTGTTAACTCTAATTTCACCAACAACAGTAGTAATTCCAGCAACAACAGTAATATAGATATGCAAGAGGAAATAAAAAAC,TGCTCTTTCAATATGACTACAGAATTAAGAGATAAGAGACGACAAATACATTCACTTTTTTATAAACTTGATGTAGTGCAGATTAATGAAAATAATAGTCAGCAGTATAGACCAATAAATTGT,TGTACCAGACCTGCCAACAATACAATAAGAGGTGAACGTATAGGACCAGGACAAACATTCTATACAAGAGATACCATAATAGGGGATATAAGACAAGCACATTGT,TGCAATACATCAAAACTATTTGATAGCATTTGGAATAGAACTAATGGGTCAAATTACACAAGGTTAGGTGATGACACAGAGACAAATGACCCTATAACTCTCCAATGC,AATAATAATAGTATGAATGAGACATTCAGGCCT
EU786671,TGTTATGACTATAACTACACCAGCAGCAATAACACAGACACAGCCTCTATCAAAGACAGGCCGGAAACAAAAAAC,TGCTCTTTCGATATAACCACAGTACTAAGAGATAAGAAAGAGAAAATGGCTGCACTTTTTTATAAATCTGATGTAGTACAAATTAATAAGACTGATAATAGTTCTTATAGGTTAATAAATTGT,TGTACCAGACCTGCCAATAATACAAGAAAAAGTATGCGTATAGGACCAGGACAAACATTCTATGCAACAGGTGACATAACAGGAAACATAAGAAGAGCACATTGT,TGCAATACAACAAACCTGTTTAATAGCACCTGGGAGAAAAATAACAATACCATGACCAGCAATATCAGCTCAGAGTTAAATGACATTATAACTCTCCAATGC,AATGATAATACAAATGAGACTTTTAGGCCT
GU201514,TGTCAGGATCTCGGAAACACCACCTCTAATAGCACCAACACCCCTAGAACCATATTTAAGGAAATGGAAGGGGAAATAAAAAAC,TGCTCTTTCAATATGACCACAGAATTAAGAGATAAGAAAAAGAAAGTGAATGCACTTTTTTATAAACTTGATGTAGTACAAATTAACGAAACTGATAGTCAACAAATTAACAATGATAGTAGGCAGTATTATAGGTTAATAAATTGT,TGTATCAGACCTAACAACAATACAAGAAGAGGTATACATATAGGACCAGGGCAAGCATTCTATACAAGTGACATAATAGGGGATATAAGACAAGCACATTGT,TGCAATACATCAGAGTTGTTTAATAGCATTTGGAATAACAATGGCAGCATTTGGTATAACAATGACACTGCTATCAATAACACAGAGCCAAAGAATAAGACTCTAACTCTCCAATGC,AATAATAGGACAGATGAGACCTTCAGGCCT
KX389643,TGTCATAACTTCACTGGTAATGGTACCTCAACTGGTGATGGTAACTCAACTAATAATGGAAACATAACTCAGGATATGCAAGAAGTAAAAAAC,TGTTCTTTCAATATGACCACAGAATTAAGAGATAAGAAACAGAAAGTGTATGCACTTTTTTATAGACTTGATATAACAGAAATTGAGGGAAATGACAGTACTCAGTATAGGTTAATAAATTGT,TGTACCAGACCTAGCAACAATACAAGAAAAAGTGTACGTATAGGACCAGGGCAAGCATTCTATGCAACAGGTGCCATAATAGGGGATATAAGACAAGCATATTGT,TGCAACACATCGAACCTGTTTAATAGCAGTTGGGAGAACGGTACCAGATTAAACAACACAAAGTCAAATGGCACTATAATTCTCCAATGT,GAAAATAGTTCAACTGAGACTTTCAGACCT
JX140647,TGTCAGGACTTAAAAAACTTCACAAGCAACTCCACAAGTTACAAAAACCTGTCTAGTGAAACAAGTAACAGAACCCTGTCTAAGGAAATGGAAGGGGAAATAAAAAAC,TGCTCTTTCAATAGTACCACAGAACTAAGAGATAAGAGACAGAAAGTGACTGCACTTTTTTATAAACTTGATGTAGTACAAATTGATAATAGTAGCAGTAATAGTGGCCAGTATAGACTAATAAATTGT,TGTACCAGACCTGGCAATAATACAAGAAAAAGTGTACGTATAGGACCAGGACAAGCATTCTATGCAACAGGTGATATAATAGGGGATATAAGACAAGCACATTGT,TGTAATACATCAGGACTATTTAATAGTAGTTGGACCGCGAACGACATTTTGAATAACAGTACTGCTAGCTCAAATAACACAGAAGTTATAACTCTCCAATGC,AATAATATGACAAATGAAACCTTCAGGCCT
KU168267,TGTAGTCATAACATCACCAACAGCAATCACACCTCTAACAGTAATTACACCTCTGGCAACAGCAGCATATCTAATCACACCTATGACAACAGCAGCATATCTAGTGAAATGAGAAAC,TGCTCTTTCAATATAACCACAATGTTAAAAGACCAGAGACAGAAAGTGCATGTACTTTTTTATAAAACTGATATAGTACCACTTAATAACAGTAGAAACAGTAGTCAGTATATGTTAATAAATTGT,TGTACCAGACCTGGCAACAATACAAGAAAAGGTATAGTTATAGGACCAGGGCAAACATTCTATACAAGAGATAGAATAACAGGGGATATAAGAAAAGCATATTGT,TGCAATACATCAGATCTGTTCGATAGCACTTGGACTTCAAACCACACCTCAAACCACACAGGGTCAGATGAGACCATAACGTCAAATGACACTATAATTCTCCAATGT,CAAACAGAAAATAATAATGAGACCTTCAGGCCT
EU480458,TGTAGCTCTTACAACGGTACACATAACATAACTATAGAGGGTGACATGAAAGGGGAAATAAAAAAC,TGCTCTTTCAATGTGACCACAGAAATAAGGGATAAAAAACAGAAAGTGCATGCACTCTTTTATAGACTTGATATAGTACAAATTAATAGTAGTCAGAACAGTAGTCAGTATAGGTTAATAAACTGT,TGTACCAGACCTAACAACAATACAAGAAACAGTGTACGTATAGGACCAGGGCAAACATTCTATGCAACAGGTGCCATAATAGGGGATATAAGACAAGCACATTGT,TGCAATACATCAAAACTGTTTAATAGCACTTGGAATTGGAATGACACAGAGTCAAACCACACAGATGCAAATGACACTATAGTTCTCCCATGC,GCTAATAATACCAATGAGACCTTCAGGCCT
EU513186,TGCACTGACATGACCAACATATCCATAAAGCTTGCATCCATAGCCAACACATCCATAGCCGAAGAGATGCAAGGAGAAATAAAAAAC,TGCTCTTTCAATGTGACAGAACTAAGAAACAAAAGAAAGAAAGAGTATGCATTTTTCTATAAACAGGATATAGTACAAATTAATAACAATGAGAGTATGTTAATAAGTTGT,TGTGTCAGACCTAACAACAATACAATAAAAAGTGTGCGTATAGGACCAGGGCAAGCATTCTATACAGCAGGTCAAGTAATAGGGGATATAAGAAAAGCATATTGT,TGTAATACATCAAGCCTATTTAATTATACATTTAGCAATAGCACTGAGGATAACAACCCAAGTAATGCCACAATAACTCTCCAATGC,AATAATAATAATGCAACTGAGACATTCAGGCCT
HQ700002,TGTCAGGACTTCACCACCGGCAACACCAGTACCATGTCTGAGGAAATGAATGGGGAAATAAAAAAT,TGCTCTTTCAATATAACCACAGAAGTAAGAGATAAGGAAAAGAGAGTGAATGCACTTCTTTATAAACTTGATGTAGTACAATTTGATAGCAGTAATAATAGTCAGTATAGGTTAATAAATTGT,TGTATCAGACCTAGCAACAATACAAGAAAAAGTGTGCGTATAGGACCAGGGCAAACATTCTTTGCAACAGGTGACATAATAGGGGATATAAGACAAGCACATTGT,TGCAATACATCAAAGCTGTTTAATAGCACCTGGCCTGGGAATATCACTGGGAATAACTATACCAGCTCAAACTCAAGTGACAATATAGCTCTCCAATGC,AACAATAATGCAAGTAATGAGACCTTCAGGCCT
AB286862,TGTTCTAACGTCAGCAACGAAACTAACAGCAACAACACTGGTGTCAACCGCACCATTTATGAGGAAATGAAAGGGGAAATAAAAAAC,TGCTCTTTCAATATGACCACAGAATTAAGGGATAAGAAACAGAAAGTGTATGCACTTTTTTATAAACTTGATATAGTACAAATGGGCAGTAGTAGCAGTAGTCAGGATAACAGTAGTAGTCTGTATAGGTTAATAAATTGT,TGCACCAGACCTGGCAACAATACAAGAAGAAGTGTACGTATTGGACCAGGGCAAACATTCTATGCAACAGGTGACATAATAGGGGATATAAGACAAGCACATTGT,TGCAATACAACAAATTTGTTTAATAGCACTTGGGAAAAGAAAAAGGGCACTTGGAATGATACCACTGCCAACCCACCAAATGGCACTATAACTCTCCAATGC,GAGGGGAATGAAACTAGGAAAAATGAGACCTTCAGACCT
HQ385455,TGTGGTGACGTTAGCAATAATAGTAGTCCTAGCAATAGTAGTTATAGCAATAGAAACATATCTATAGAAATGCAAGGGGAAATAAAAAAC,TGCTCTTTCAATATAACCACAGTCTTAAGAGATAAGAAACAGCAAATATCTGCTCTCTTTTATAAAACTGATGTAGTACCAATGGATGGAACAAATAGTAGTCAGTATAGGTTAATAAATTGC,TGTACCAGACCTGGTAACAATACAAGAAAAAGTGTACGTATAGGACCAGGGCAAACATTCTATGCAACAGGTGACATAATAGGGGATATAAGACAGGCACATTGT,TGCAATACAACAGCCCTGTTTAACACAACTTGGATCAATGGCACTGACAGCTCAAACAACAGCACAGAGTCTATAACGATCCAATGC,AAGAATAGAACAAATAATGAGACTTTCAGGCCT
HQ385446,TGTAGTGACGCCGGAAACTCCTCTATCGCAGAGGAAATAAGAAAGGAAATAAAAAAC,TGCTCTTTTAATATGACAACAGAACTAAGAGATAAGAAACAGAAAGTGAATGCAATTTTTTATACACATGATGTAATACAGATTAATGATAGTCATTATAGGTTAATACATTGT,TGCACCAGATATAACAACAATACAAGAAAAAGTGTACGTATAGGACCAGGACAAACATTCTATGCAACAGGTGACATAATAGGAAATATAAGAAAAGCATCTTGT,TGCAATACATCAGGACTGTTTAACATTTGGGAGAACAATGACAATATAACTCTCCCATGC,AATAATAATAGTACAAATAAAAGTGAGACTTTCAGGCCT
DQ168578,TGTCAGGACTTCAACAGCAGCTTCAACAGCAGCTTCAACAGCAGCAATAGCACCACCCCTACCATGCAAGGGGAATTAAAAAAC,TGCTCTTTCAATACGACCACAGAAATAAGAGATAAAAAACAGAAAGTGTCTGCACTTTTTTATAAACTAGATGTAGTACAAATTAATGAAGATACAAATAATACAGATAATAGTCACTATAGGTTAATAAATTGT,TGTACCAGACCTGGCAACAATACAAGAAAGAGTGTACGTATAGGACCAGGGCAAACATTCTATGCAACAGGTGCCATAATAGGGAATATAAGACAAGCACATTGT,TGTAATACATCAAACCTGTTTAATAGCACTTGGAATACCAGCTCAATCCACACAGAGCAAAATGCAACTAATGAAACTATAACTCTCCAATGC,AATAATAATAGTACAAATGAGACCTTCAGGCCT
AY371134,TGTCAGGATTACAACAGCAGCTCTAGCACCATTAGCCTGTCTAAAGAAGGGGAAGGGGAAATAAAAAAG,TGCTCTTTCAATATGACCACAGTACTAAGAGATAAGAAACAGAAAGTGGAATCACTTTTTTATAGACTTGATGTAATAAAAATTAATAAAACTAGTAATGATAGTCATTATAGGTTAATAAATTGT,TGTACCAGACCTAGCAACAATACAAGACGAAGTGTAAATATAGGGCCAGGACAAACATTCTACGCAACGGAAAGAATAATAGGGGATATAAGACAAGCACATTGT,TGCAATACATCACAACTGTTTAATAGCACTTGGAAATCTAATAGCACTTGGAACAGCACTAGGAACAATAACACTGACATTATAACTCTCCAATGC,CGAGGGCCTGATAATACAACTGAGATATTCAGGCCT
HQ385465,TGTCATGAGGTCAACAGCAGTAATAGTAACGCCTCTATCAGCACCAACATGACTAGTGAAATGAAAAAC,TGCTCTTTCAATACGACCACAGAAATAAGAGATAAGAAACAGAAAGGGTATGCACTTTTTTATAGACTTGATATAGTAGAAATAGAAAAGAACAATAGTCAGTATATATTAATAAATTGT,TGTACCAGACCTAACAACAATACAAGAAAAAGTGTACGTATAGGACCAGGGCAAACATTCTATGCAACAGGTGACATAATAGGGGATATAAGACAAGCACATTGT,TGCAATACATCAGCACTATTTAATAGCACTTGGGATAACAGTACCACTGCCACAAACAGTACCACTGCCACAAACGACACAGACATTGTTCTCCAATGC,AATAATAATAGTACAAATGAGACCTTCAGGCCT
AY371142,TGTTCTAACCCTAACTTCAAAAGCAGCAATAACAGCGATAGCAGCAACTCCACCAATACCAGCAATAACAATAACATTACCAACAGCAACATATCTAGTGACATGCAGGAAATGAAAAAC,TGTTCTTTCAATGTAACCACAGTATTAAGAGATAAGCACCAGAAAGTGCATGCTCTTTTTTATAGGCTTGATGTAGTGCCAATTGATGAAAAGAAAAATGATAGTCAGTATATGTTAATAAATTGT,TGTACCAGACCTAGCAACAACACAAGAAAAGGTTACCATATAGGACCAGGACAAACATTCTATGCAACAGGTGAAATAATAGGGGATATAAGACAAGCACATTGT,TGCAATACATCAAAACTGTTTAATAGCACTTGGGAAAATGGAACTTTAACCAGCTCAAACCACACAAGGTCAAATGGCACCATAACCCTCCAATGC,AGTAAAAATAGCACAAATAATGAGACTTTCAGGCCT
HQ616097,TGTTCTGACTACAACAATAGTGTCTCTAACAATAGCACAATAGAAGATCTAGGAGCAATACAAAAC,TGTTCTTTCAATATGACCACAGTAGTCAGAGATAGGAAACAGAGAATGTCTGCACTTTTTTATAGACTTGATATAGTACCCATTACTGATGGACAAAACAGTAGTCAGAACGGTAGATATAGGTTAATAAACTGT,TGTACCAGACCCAACAACAATACAAGAAAAAGTGTACATATAGGACCAGGACAAGCATTCTATGCAACAGGTGACATAATAGGGGATATAAGACGAGCACATTGT,TGCAACACATCAGCACTGTTTAATAGCACTTGGAATAGCACTGGAAATAGCAATAGCACTGGGGGGAATATTACTGACCTTATAACACTCCCATGC,ATTAACAGTACAAATGAGACCTTCAGACCT
EU480459,TGTGGTAACGTCAGCATCAACAATAGCACCAACATAACTACTGACATGCGAGAGGAAATAAAAAAC,TGCTCTTTCAATATGACCACCATACTACAAGATAAGAAACAGAAAGTGTATGCACTTTTTTATAGACCTGATGTAGTACAAATTGAAAATAGTAGTGAGTATAGGTTAATAAATTGT,TGTACCAGACCTGGCAACAATACAAGAAAAAGTGTACGCATAGGACCAGGGCAAACATTCTTTGCAACAGGTGACATAATAGGGGATATAAGACAAGCATATTGT,TGTAATGCAACAGCCCTGTTTAATAGTACTTGGGCTAACATTAGTAGTACTTGGGATAACAATAGCAGTGCCAGCTCAAACCACGCAGAGTCAGATGACATTATAACTCTCCAATGC,GGAAATGATACTAGTACAAATCAGACTTTCAGGCCT
HQ385450,TGTCATGACTACACAAGTAACAAAACAATCAAAAGTAACATATCCGGAAACAACTTTACAGATATGAAAAAC,TGCTCTTTCAATATGACCACAGAACTAAGTGATAAGAAGCAGCAAAGGCATGCACTTTTTTATAGACTTGATGTAGTACAAATTAGTAACGAGAGTAACAATAGTGTTAGTAACGAGAGTAACAATAGTGATGGGCAGCAGTATAGGTTAATAAATTGT,TGTACCAGACCTAGCAACAATACAAGAACAAGTGTACGTATAGGACCAGGGCAAACATTCTATGCAACAGGTGACATAGTAGGAGACATAAGATGT,TGCAATACATCAGAACTGTTTACTAGCACTTGGCCCAATGAGAATAATAGCACCGAGACCAATAATACTGCCAACTTAAATAATACAGACACTATAACTCTCCAATGC,AAAAATAATAGTGAAAATGAGACTTTCAGGCCT
AY231153,TGTAGTGACGTCAGCAACAGCTCTAACCACTTCAACCTAACTGATGACATGAAGGGGGAAATAAAAAAC,TGCTCTTTCAATATGACCACAGAATTAAGAGATAAGCAACAGAAGATGACTGCACTTTTTTATAGACTTGATGTAGTACAAATTAGTGAAAGTAACAGTAGTGAAAATAACAAGGGACAGTATAGGCTAATAAATTGT,TGTACTAGACCTGGCAACAATACAAGACAAAGTGTACGCATAGGACCAGGGCAAACATTCTATGCAACAGGTGACATAATAGGGGATATAAGACAAGCACATTGT,TGCAATACATCAAAACTGTTTGATAGCACTTGGTATAGCAATGATAGCACTTGGTATAGCAATGACACCAGCTTAAACCACACAGAGTCAAATGGCACTATAACTCTCCAATGC,GATAATAATACTAAAAATGAGACCTTCAGGCCT
JF706405,TGTGCCTCTGTCAGCAACGACTCCTCTAACAACATATCTATCAGTGAGGACATGAAAGGAGAAATAAAAAAC,TGCTCTTTCAATGTAACCACAGAACTAAGAGACAAGAAAAAGAGAGAGTATGCACTTTTTTATAGACAGGATGTAGTACAAATTGACAATGGGGGTAACAGTAGTCAGGGTAACTATAGTCAGTATAGGTTAATAAATTGT,TGTACCAGACCTGGCATCACTAAAAGAAGGAGTATGCGTATAGGACCAGGACGAGTATTCTATGCAACAAGTATAACAGGGAATATAAAACAAGCACGTTGT,TGTGATACATCAAGACTGTTTAATAGCACTTGGCCTAATAGCACGTGGGACAATAACACTCAAGAGAATGAGAATGACACAGGGTACTATACTCTCCAATGC,AATAATAATAATAGTATAAATGAGACCTTCAGGCCT
AJ634686,TGTCATAACTACACCTATAGCAACAACAGCAACATATCTAGTGAAATG?AAGGGGAAGTAAAAAAC,TGCTCTTTCAATATGACCACAGTACTAAGGGATAGACA?CAGA?A?TGGAGGCACTTTTTTATAGATCTGATATAGTACAA?TT?AT?A?A?TA???GTA????TA???GT???GGTCTGTATAGATTAATAAATTGT,TGTACCAGACCTGCCAA?AATACAA?AAAAAGTGTGCGTATAGGACCAGGGCAAACATTCTATACAACAGGTAGCATAGCAGGGAATATAAGACAGGCACATTGT,TGCCAGACA?CAGCACTGTTTAATAGTACTTGGGGTAACGATACCGAGGGGAGTAACAATACC?CTGACACAGGGGTTATAACTCTCCAATGC,GAAGGGAATAGTACAGAAGAGACTTTCAGGCCT
EU513196,TGTAAAGATGTCAACAACTCTACAAACAAAACCACCATATATAAAGAAATGAACGGGGAAATAAAAAAC,TGCTCTTTCAATATGACCACAGAACTAAAAGATAAGACAAAGAAAATGTATGCACTCTTTAATAGATATGATGTAGTACAAATTAGTGAACAAAATAATAGTCAATCTGATAATAGTACGGATAGGGAGTATATGTTGACAAGTTGT,TGTATCAGACCTGGCAATAATACAAGAAAAAGTGTGCGTATAGAGACCAAGACAAACATGCTATGCACAGGTGACATAATAGGAGATATAAGACAGGCACATTGT,TGCAATACATCAGGCCTATTTAATAGCACTTGGTATAGCAATAGCACTAACAGCTCAAATCACACAAATGGCACAGATGATATAACTCTCCAATGC,AATAATGGTAGTAAAGCAAATGAGACCTTCAGACCT
EU513189,TGTCAGGCCTTTAACAGCAGCAGCCATACCAACAGCAGCATAGCTATGCAAGAAATGAAAAAC,TGCTCTTTCAATGTAACCACAGAACTAAGAGATAAGAAAAAGAAAGAGTATTCATTTTTTTATAAAACTGATATAGAACAAATTAATAAAAATGGTAGGCAATACAGACTAATAAATTGT,TGTACCAGACCTAACAACAATACAAGAAAAAGTATACGCATAGGACCAGGACAAACATTCTATGCAACAGGTGACATAATAGGGAATATAAGAAAAGCATATTGT,TGCAATACATCAGGACTATTTAATAGCACTTGGCACAATAGCACTTGGACCAATAGCACCACTGGCTCAAATGGCACAGAGTCAAATGACACTATAACTCTCCAATGC,AATAGTACACAAAATGAGACATTCAGGCCT
HQ385451,TGCCATGACTACAACAACAGCATTAGCAATAGCAGCACCACTAGTGAATACAATATATCTAGTGACATGAAAGAGGAAATAAAAAAC,TGCTCTTTCAATATGACCACAGAGCTAAGAGATAAGGAAAAGAACATGTATGCACTTTTTTATAGACTTGATGTAGTACAAATAGGTGGAAATGAGAGCAATAGCTATAGGTTAATAAATTGT,TGTACCAGACCTAACAATAATACAAGAAAAAGTGTACGAATAGGACCAGGGCAAACATTCTATGCACACGGTGATATAATAGGAGATATAAGACAAGCACATTGT,TGCAATACATCAGGACTGTTTAATAGCACCTGGGTGAATAACAGTAGCACTGAGGGTGCCAGTAACAATGCCAGCTCAGATGCAAATGACACTATAACTCTCCAATGC,TATAATAATAATAGTAGAAATGAGACTTTCAGACCT
DQ168577,TGTACAGACCGCCTCAACAACAATAGTACCTTCAACAACAGTATGGTAGGGGAAATAAAAAAC,TGCTCTTTCAA?ATGACCACAGTCTTAAGAGATAAAAAACAGAATGTGCACGCACTTTTTTATAAACTTGATGTAGTACAAATTAACAGTAATAGTAACAGTAGTGAGTATAGGTTAATAAATTGC,TGTACCAGACCTAACAACAATACAATAAAAGGTGTACGTATAGGACCAGGGCAAACATTCTATGCAACAGGTAAAATAATAGGGAATATAAGACAAGCATACTGT,TGCAATACATCAAAACTGTTTAATAGCACTGGGGATACCAATACCACTGCCAACTCAACAGGAACTATAGAGCTCCAATGC,ATTGAGAATGCAGATAATGAGACCTTCAGGCCG
JN248585,TGTCAGGATATTAGTAACAACAGTAGCAACAATAGTACTCATAGGAACATATCTATTGAAATGAGAGAGGAAATAAAAAAC,TGCTCTTTCAATGTGACCACAATCTTAAGAGATAAGCAACAAAAAATGCATGCACTTTTCTATAGACTTGATTTACTACCAATTAATGAGCAAATTCAAAGTAATAATAGCCAGTATATGTTAATTAATTGT,TGTATCAGACCTAACAACAATACAAGAAAAAGTGTGCATATGGGACCAGGACAAGCACTCTATGCAACAGGTGACATAATAGGGGATATAAGACAAGCACATTGT,TGCAATACATCAGGACTGTTTAATAGTAATTGGCATAGAAATACTACTAATGATACTTGGTATACTAACGACACAGCAAACAGCAGCACTATAACTATCCAATGC,AATACGAATACTAGCAGTACAAATGAGACTTTCAGACCT
HQ595796,TGTGCAGAACCCACATTCAACTCCACCTTTAACAACAGCAACAACAAAAACGAAACAAGGGAAATGGAAAAGGAAATAAAAAAC,TGCACTTTCAATATGACCACAGTATTAAGAGATAAGAGACAGAAGGTGTATGCACTGTTTTATAGACTTGATGTAGTACAAATTAATAAAAATAACAGTAGTCATAATAGCAGTAGTGAGAGTAGTCATAATAGCAGTAGTGAGTATAGGTTAATAAATTGT,TGTGTCAGGCCTAACAACAATACAAGGAAAAGTGTACGTATAGGACCAGGACAAACATTCTATGCAACAGGTGCCATAACAGGGGATATAAGAAAAGCACACTGT,TGCAATACATCAGACCTGTTTAATAGCACTTGGAATAATAGCACTTGGGCTAACAATGGTACTGTCAACACAGGCAATATAACTCTCCAATGC,ATTAATAATAGGACAAATGAGACCTTCAGGCCT
JN248592,TGTAATAATTTCAATAGTAGTAATAACAGCACCTCTGCCAACAACAGCATATCTGATGGCATGCAAGAAATAAAAAAC,TGCTCGTTCAATATGACCACAGTACTAAGAGATAAGAGACAGAAAATAGCTGCGCTTTTTTATAGACAAGATATAGTACCAATGGATGGGAATAGCAGTAGTAGTCAGTATAGGTTAATAAATTGT,TGTACCAGACCTAACAACAATACAAGAAAAGGTGTACATATAGGACCAGGGCAAACATTCTATGCAACAGGTGACATAATAGGAAATATAAGACAAGCACATTGT,TGCAATACAACACCACTGTTTAAGAGCGTTTGGAATAAAAATGGGAGCACTTGGAACAGCAATACCACTAACAGTACAGAGTCAAATAACACTATAACCCTCCAGTGC,AATATTGATGATGATGCAAATGAGACTTTCAGGCCG
KX389630,TGTAGCAACATCCAGAGCAGGAATTCCAGTGAGAACATCACCACTAACCACGTCTATAATGTCAGTGAGGAAATGAGGGAAGAAATAAAAAAC,TGCTCGTACAATACAACCACAGAAATAAGAGATAAAAGACAGCGTGCATACTCACTTTTTTATAGACTTGATATAGTACCAATTAATAATGATAGTAATAGTAGTGAGTATGTACTAATAAATTGT,TGTACCAGACCTAACAATAATACAAGACAAAGTGTACGTATAGGGCCAGGGCAAACATTCTATGCAACAGGTGATATCATAGGGGACATAAGACAAGCATATTGT,TGCAATACATCATCACTGTTTAACGGCACCTGGAGGGCCAATGGCACTGACAATAACACTTTCAACTTAAATGACACTATAATTATCCCATGC,GAGCGTAACGATAGTACAAATGAGACCTTCAGGCCT
KX228814,TGTCATGAGGAAATAAAAAAC,TGCTCTTACAAGGTGACCACAGAACTAAGAGATAAGGAACAGAATATGACTTCACTTTTTTATAGAGCTGATTTAGTAGAAGTTAATGAAAATAATAAGAGTGAGTATATACTAATAAATTGT,TGTATCAGGCCTAACAACAATACAAGAGAAAGTGTACGTATAGGACCAGGACAAGCATTCTATGCAAGAGGTGACATAATAGGGGATATAAGACAAGCACATTGT,TGCAATACATCAAGACTATTTAATAGTACTGGGATAATGGAAACAATAACTCTCCCATGC,AACAAAAATGAGACAGAAGGAAATGAGACATTCAGACCT
JF683792,TGTTCTAATATCAACAATACCACTGGAACCATAGATAATAATATGGCAGGAGAAATACAAAAC,TGCTCTTTCAATATGACCACAATACTAAGAGATAAAAAGGAGAAAGTGTCTGCACTTTTTTATAGACAGGATATAGTAGACATTGGGGGAAATGGAAGTAATACAGGTAAATATAGGTTAATAAATTGT,TGTATCAGACCTAATAACAATACAAGAAAAAGTGTGCATATAGGACCAGGGCAAGCATTCTATGCAACAGGAGACATAATAGGAGATATAAGACAAGCACATTGT,TGCAATACAACAAACCTGTTTAATAGCACTTGGAATAGCACTTGGTATAATAATGGGAGTAGCGCCAACAATATAACTCACACTATAACTCTCCCATGC,AATAATAACTCAAATGAAGAGACCTTCAGGCCT
DL258709,TGTCGTAACTACACTAACAACAGCACCATATCCTCTAACAACAATACCATCAACAGTACCGTATCTCCTAACAGCAGTACCATATCTAGTGACATGCAAGAGGTGAAAAAC,TGCTCTTTCAATATGACCACAGAACTAAGAGATAAAAAACGGAAAGTGTATGCACTTTTTTATAGACTTGATATAGTGCCACTCAGTAATGATAGTGATGAGTATAGGTTAATAAATTGT,TGTACCAGACCAGGCAACAATACAAGGAAAAGTGTACGTATAGGACCAGGGCAAACATTCTATGCAAATGAGATAATAGGGAATATAAGACAAGCACATTGT,TGCAATACATCTAGACTGTTTAATAGCACTTGGGATGGCAATAACACCAGGGAGGACAATAGCACTTGGGGTAACAATAGCTCAAATGACATTATAACTCTCCAATGC,GGAGAGAATAAGGATCGTCTAAATGAGACCTTCAGGCCT
EU480456,TGTAATCATAATATCACCAACAACGCCACCAATAGCAACAGCACTGGGTTCAATGACACAAGTGCAGACATAAAAGGAGAACTAAAAAAC,TGCTCGTTTAATATAACCACAGAAATAAGAGATAAGAGAAAACAAGTATATTCACTTTTTTACAGACTTGATGTAGTACCAATTGGAGGAAGCAATAATAGTAATGAGTATAGACTAATAAATTGT,TGTATCAGACCCAACAACAATACAAGACAAGGTGTACATATAGGACCAGGACAAGCATTCTATACAAATGGTATAGTAGGGGATATAAGAAAAGCATATTGT,TGCAATACATCAGCCCTGTTTAATAGCACTTATAGCACTCAGAATGCTAATGAGACAGGGTCATCTGATAGTATAACTTTACCATGC,AATAATGGTAGTAATGGGACATTCAGACCT
AB231896,TGCTCTAACGTTATCAGCGGCACCTATAACAGCACCAATAATAACAGCACCTATAACATCAGCATCAGTGCTGACATGAAAGGGGAAATAAAAAAC,TGCTCTTTCAATATGACCACAGAATTAAGAGATAAGAAACAGAATGTGTATGCACTTTTTTATAGACTTGATGTAGTACCAATTGATGCAAAAAGTAGTAGTAATGTAAATAATAGTGATACAGGTAATAGTAGGAATACAAATAGTGGCAGGGAGTATAGACTAATAAACTGC,TGTACCAGACCTGGCAACAATACAAGAAAAAGTATACATATAGGACCAGGGCAAGCATGGGATGCAACAACAAAAATAATAGGGGATATAAGAAAAGCATATTGT,TGCGATACATCAGGGCTGTTTAATAGCACTTGGGATAACATTACCAGTACAAATGGCACAAAGGTAAATGAAACTGAAACTATAACTCTCCCATGC,AATAATAATCGTACAAATGAGACCTTCAGGCCT
EU513195,TGTCGTAACACCAACGCCAGCAGCAATACCTCTGGGGACATGCAAGGAGAAGAAATGAAAAAC,TGCTCTTTCAATGTAACCGCAGAACTAAGAGATAAGAGAAAAAATGAGTATGCACTTTTTTATAGACAGGATGTAGTACAAATTAATGAAACTGACAATAGTACGTATAGGTTAATAAATTGT,TGTAGCAGGCCTAACAACAATACAAGAAGAAGTGTGCGTATAGGACCAGGACAAACATTCTATGCAACAGACATAATAGGGGATATAAGACAGGCACATTGT,TGCAATACATCAAGACTGTTTAATAGCACTTGGGGTAGCAATAACACTTGGGATAACAGCACGGAGCAAAATATAACTCTCAGATGC,GGTAATAGTAGTAGTGCAAATGAGACCTTCAGACCT
AY371146,TGTAGTGACGTTAGTAGTGACAATACAAACAGCACCAACAGTAGCAGCACCAACATCAGAAATGTGTCTAATGACATGGTAGGGGAAATAAAAAAC,TGCTCTTTCAATATGACCACAGAACTAAGGGATAAAAAACAGAAAGTGTATTCACTTTTTTATAAACTTGATGTAGTACCAATAGAAGATAATAATACTGAGAGCCAAAATATTAGCCAGTATAGGTTAATAAATTGT,TGTACTAGACCTGGCAACAATACAAGAACAAGTGTGCGTATAGGACCAGGACAGACATTCTATGCAACAGGTGATATAATAGGGGATATAAGACAAGCATATTGT,TGCAATACAACAGCACTATTTAATAGCACTTGGTTTGGCAATGAGACTGACAGCTCAAACCATACAAGGTCAAATGACACTATAACTCTCCAATGC,ACTAATAGAACAAATGAGACATTCAGGCCT
GU201495,TGTCAGGACTACAACAGCAGTACCCCTAACGTCAGCAGCAGCACCCCTAACAACAACATGTCTACTCAAGACATGCAAGGGGAAATAAAAAAA,TGTTATTTCAATATGACCACAGAACTAAGAGATAAGAGTAAAAGAATGCATTCACTTTTTTATAAACTTGATATAGTACCAATTAATGCAAGTCAGGAGAATAGTAGTCAGTATATGCTAATAAATTGT,TGTACTAGACCTAACAACAATACAAGAACAAGTGTACGTATAGGACCAGGACAAACATTCTATGCAACAGGTGGCATAATAGGGGATATAAGACAAGCACATTGT,TGCAATACATCAAAACTATTTAATAGCACGTGGGTTAATGACACGAGGAAGGACAATACCAATACCACTGGCACAGATGTAATAACTCTCCAATGC,AATAATAGCACAAAAGAGACATTCAGGCCT
EU480468,TGCTTTACCTTTAATGGCAGTACCCCCTCCAACGGAAGCAGCTTTGATGACATGCAGGGGGAAATAAAAAAC,TGCTCTTTCAATACAACCACAGAATTAAGAGATAAGAAACAGCAAGTGTATGCACTTTTTTATAGGCATGATATAGTAGAACAAGGTAATAAAGATAACAGTAGTCACTATAGGTTAATAAATTGT,TGTACCAGACCTAACAACAATACAAGAAAAGGTGTACATATAGGGCCAGGGCAAATATTCTATGCAACAGGTGATATAATAGGGAATATAAGACAAGCATATTGT,TGCAATACAACAGCACTGTTTAATAGCACTTTGGAGAGTAATGACACTTGGAGAAATGATTACAATACCACCTCAACAAATGGCAATATACAACTCCAATGC,GATAGTACTAAAAATGAGACCAAGGAGACCTTCAGGCCT
KX389617,TGTCATAATATCAATGACACCTCTACCAATGCCTCTGCCCCCAACATGAAAGAGATGATGCAAAAC,TGCTCTTTCAATACAACCACAGTATTAAGAGATAAGAAACAGAAAGTGTCTGCACTATTTTATAGACTGGATATAGTAAAACTTAACAGTAGTGCAACTAACAGTAGTCAGTATAGGTTAATAAATTGT,TGTACCAGGCCTGGAAACAATACAAGGAAAGGTGTACATTTCGGACCAGGACAAACATTCTATGCAACAGGTG?AATAATAGGGGATATAAGACAAGCACATTGT,TGCAATACAACAGGACTGTTTAATAGCACGTGGACTAGCAGTGGCCATGGCACTTATAACATCACTGACAGCTCAAAAAACCTCACAGAGGACATTACACTCCAATGC,AATAATAATGATTCAACAGAGACCTTCAGACCT
HQ912707,TGTACTGACTTCTCTAGTAACAATGACTCTTCTAGTAACAATGTCTCCTCTAGTAACTCCTCTAGAGACATGCAAGGGGAAATAAAAAAC,TGCTCTTTCAATATGACCACAGAATTAAGAGATAAAAAACAGAAAGTACATGCTCTTTTTTATAGACTTGATGTAGTAAAAATTAATGGAAGTAATAACGATAGTCAGTATATGTTAATAAATTGT,TGTACCAGACCTAGCAACAATACAAGCAAAAGTATACGTATAGGACCAGGGCAAACATTTTATGCAACAGGCCGCATAATAGGGGATATAAGACAAGCGCATTGT,TGCAATACATCAACACTGTTTAATAGCACTTGGAATGGCAATGACACTGCCAGCTCAAATTACACAGGATCAAATGATACTATAACTCTCCAATGC,AAGAATAGTAGTAATACAAGTGAGACCTTCAGACCT
EU480476,TGTCATACCTTCAATAGTAGCAACAGCAGCATATCTAACAGCACCGACAGCATATTTAGTCAAGTTAATATTAGTGACTGGCAAGAGGTTAAAAAC,TGCTCTTTCAATATGACCACAGAACTAAGAGATAAGCAAAAGCAAGTGCATGCACTCTTTTATAGAGAGGATGTAGTACAAATTAATGAAAGTAACAGTAGTCAGAATAAAAATAACAGTAGCAATAGTCAGTATAGGTTAATAAATTGT,TGTATCAGACCTGGCAACAATACAATAACAAGCTACCGTATAGGACCAGGGCAAGCTTTCTATGCAAGAGGAGGAATAATAGGGGATATAAGGCGAGCACATTGT,TGCAATACATCAGGACTGTTTAATAGCACTTGGTATACCGATGGCACTGGGAATGTCAGCTCAAACCACCTAGAAATAGATGAAACTATAATTCTCCAATGC,GATAACAGTAGTGAGATTTTCAGGCCT
EU513193,TGTATAGATGCCAATTTCAACAGTAGTAACAGTAGTCTCCACAGTAGTCTCAGCAGTAGTTCCCACATAGGTGAGATGCAAATGAAAAAC,TGCTCTTTCAATGTGACCACAGAACTAAGAGATAAGCAAAAGAAAGAATATGCACTTTTTTATAGACAGGATGTAGTACAATTTAATGAAACTGAGAATAACAGTAGTCAGAGTCACTATATGTTAATAAATTGT,TGTACCAGACCTGGCAACAACACAAGAAAAAGTGTGCATATAGGACCAGGGCAAGCATTATATGCAACAGGTAACATAGTAGGGGATATAAGACAAGCACATTGT,TGCAATACATCAGGACTGTTTAATAGCACCTGGTGGGATAGCAACAATAGCACTGAGAATATAACTCACAGAAAAGAAAATATAACTCTCCAATGC,GTTAATAATAATAACACAAACAAAACTGAGACCTTCAGGCCT
JN248580,TGTAGCGACGTTAACAACTCTAGTGCAGTGAACATATCTGTATCTAGATCTGTATCTAGTGAAATGAGAGAGGAAATAAAAAAC,TGCTCTTTCAATATGACCACAGTATTAAGAGATAAGAAACAGAAAGTGTATGCACTTTTTTATAGACTAGATGTAGTAGAAATTGGAAATAGAAGTAGTCAAGATAACAGTAGTCAGTATAGGTTAATAAATTGT,TGTAGCAGACCTGGCAACAATACAAGAAAAAGTGTACGTATAGGACCAGGGCAAACATTCTATGCAACAGGTGACATAATAGGGAAGATAAGACAAGCATATTGT,TGCAATACATCAGCACTGTTTAACAACAGCTTAACAAATGGAACTATAACTCTCCCATGC,AATAATAGGAATAATGAGAATAGTAGTGAACCTGAGACCTTCAGGCCG
EU480464,TGTAGGGACTTTAACACCTCCCAAAACACCATCCAACACGATAATATACCTCAGGGGGACATACAAAAC,TGCTCTTTCAATATGACCACAGTACTAAGAGATAAGCAACAGAGAGTGCATTCACTTTTTTATAGACAGGATCTAGGGCAACTTAATAACAGTGGACTGTATACATTAATAAATTGT,TGTACCAGACCTAGCAACAATACAAGGAAAGGTATACATATAGGACCAGGGCGAACATTCTATGCAACAAATGACATAACAGGGGATATAAGACAAGCACATTGT,TGCAATACATCAGGACTGTTTAATAGCACTTGGAGCATTGGGAATAACAATACCAATGCCAGCTCAGAGTCAAATGACACTATGACTCTCCAATGC,AACAATAATAGGAAAAATGAGACTTTCAGGCCT
KX389639,TGTCATACCTTCAACAGCAGCAGCAATAACACCACCCATAACAACATAAGTGATATACGAGAAATAAAAAAC,TGCTCTTTCAATATGACCACAGAGTTAAGAGATAAGCAACAGAGAGTGCATGCACTTTTTTATAAACTTGATGTAGTACAACTTGGGAACGAAAGTGAGCAGTATAGATTAATAAATTGT,TGTACCAGACCTGGCAATAATACAAGGAAAAGTGTGCGTATAGGACCAGGGCAAACATTCTATGCAACAAACATTATAGGGGATATAAGACAAGCACATTGT,TGCAATACAACAAACCTGTTTAATAGCATTTGGGAAGATAACGCTACCAGTTCAAACCATACAGGGTCAAATAAAACTAT?ACACTCCAGTGC,AACAGTAGTAGTGCAAATGAGACCTTCAGGCCT
AJ251056,TGTCATAACTATAACTATACCAGAAACAACAGTAAGATTAATGAAGTGCAAGAAATGAAAAAC,TGCTCTTTCAATATGACCACAGTATTAAAAGATAAAAAAAAGAAGATGGCGGCACTTTTTTATAAAATTGATATAGTACCAATTGATAAAAATGCTACTTATTATAGGTTAATAAATTGT,TGTACCAGACCTAGCAACAATACAAGAAAAAGTGTACGTATAGGACCAGGGCAAACATTCTATACAACAGGTGCAGTAATAGGGGACATAAGACAAGCACATTGT,TGCAATACAGCAGAACTGTTTAATAGCACTTGGGCTAGCAATACTAATGGCATTTGGGCTAGCAATATAAATGCTAGCAATAACAAGGACGCAAATGACACTATAACTCTCAAATGC,GATAATACTAATGGTGATGAGACTTTCAGGCCT
AF069941,TGCTATAACGTCAACAGCAGCTATAGCAACAGCAGTAGCCACAACAACAGAAGCATCTCTAGTGAAATGCAAAGGGAAATAAAAAAC,TGCTCTTTCAATATGACCACATTACTAAGAGATAAGAAAGAGAAAGTGTCTGCACTTTTTTATAGACAAGATATAATAAAAATTAATAAAAATGAGAATGGAAGTGAGGAAACTGAGACTAGCAGTAATCAGTATAGATTAATAAATTGT,TGTACCAGACCTGGAAAGAATACAAGAAAAAGTGTACCTATAGGACCAGGGCAAACATTCTTGGCAAGAGGTGGCATAATGGGGGATATAAGACAAGCACATTGT,TGCAATACATCAGGACTGTTTAATAGCACTTGGAATAATAACAATTGGAATACCACTAGCAATAACAGCTCAAAGTCAAATGAAATTATAAAACTCCAATGC,AAGCATAATAGTACAAATGAGACTTTCAGGCCT
GU201513,TGTCAGGATATCAACATGTCTAGTGCTGTCAATGAGTCTAGGAAAATAATTGGGGAAATGAAAAAC,TGCTCTTTCAATATGACCACAGAACTAAGAGATAAGAAACGGAAAATGAGTTCACTTTTTTATAGACTTGATGTAGTACAAATTAATAATGATAATAGTAGTTATAGACTAATAAATTGT,TGTATCAGACCTAACAACAATACAAGAAAAGGTGTACATATAGGACCAGGACAAACATTCTTTACAGGTGACATAATAGGGAAGATAAGAGAAGCACATTGT,TGCAATACATCAAGACTATTTAATAGTACTTGGACTAGCAACTCTACAACAAATTCAACTGCTAATGAAATTATAACTCTCCAATGT,GATACAAATAGAACAAATGAAATATTCAGACCT
AY371140,TGTTATGACTATAACCCCAATAACACCTCTACCAACAGCAACATATCTAGTGACATGCCGGAAATAAAAAAC,TGTTCTTTCAATATAACCACAGAATTAAGGGATAAGAAACAGAAAGTGCATTCACTTTTTTATAGACTTGATGTAGTGCCAATTGAAGGTGCAAATGATAGTCAGTATAGGTTAATAAATTGT,TGTGTCAGACCTGGCAACAATACAAGAAAAAGTATACGTATAGGACCAGGGCAAACATTCTATGCAACAGATGACATAATAGGGGATATAAGACAAGCACATTGT,TGCAATACATCAAAACTGTTTAATAGCACTTGGAGTAACAATGACACTGCCAGCTCAAACCACACAGGGTTAAATAACACTATAACTCTCCAATGC,AGTAATAATAGTACAAATGAGACTTTCAGGCCT
AY371122,TGTACAAACATCTCTAGAAATGAAAACATCTCTAGAAATGAAAACACCTCTAGAAATGAACCTAGTGACATGAAAAAC,TGTTCTTTCAATGTAACCACAATATTAAGAGATAAGCAGCAGCGAGTGTCTGCACTTTTTTATAGACTTGATATAGTACAAATTAATAATAATAGTAGTCAAGATAATAATGGTAGTGAACAGTATAGGTTAATAAATTGT,TGTACCAGACCCAGCAACAATACAAGAAAAAGTATACGTATAGGACCAGGGCAAACATTCTATGCAACAAACAACATAATAGGGAATATAAGGCAAGCACATTGT,TGCAATACAACAAGCCTGTTTAATAGCACTTGGCATGACAATGACACTGCCAGCTCAAACCACACAAATGGCACTATAACTCTCCAATGC,AATAATAATGTGACGAATGGGACTGAGACTTTCAGGCCT
AB286863,TGCGATGACAGGATTAACAACACCGGGATCATAGATAAAGACATGAAAGGGGAAATAAAAAAC,TGCTCTTTCAATATGACCACAGAATTAAGAGACAAGAAACAGAAAATGCATGCACTTTTTTATAGACTTGATATAGTAGAAATTGGTAACCAGAGTAACCAGAGTAACCAGAGTCAATATAGGTTAATAAATTGT,TGTATCAGACCTGGCAATAATACAAGAAAAGGTATACATCTAGGACCAGGGCAAACATTCTTTGCAACAGGTGAAATAATAGGGGATATAAGACGAGCACACTGT,TGCTATACATCAGAACTGTTTAATAGCACTTGGAATAATAATACTGGCAGCCCAAACAGCACAAATGACACTATAACTCTTCAATGC,AATACTAATAATACAAATACAACTGAAACCTTCAGGCCG
EU513199,TGTGCTGACGCTCAAAACGTCACCGACACCAACACCACCATATCTAATGAAATGCAAGGGGAAATAAAAAAC,TGCTCTTTCAATATGACCACAGAATTAAGAGATAAGAAGAAGAAAGTGTATGCACTTTTTTATAGACCTGATGTAATAGAAATTAATAAAACTAAGATTAACAATAGTAATAGTAGTCAGTATATGTTAATAAATTGT,TGTATCAGACCTGGCAACAATACAAGAAAAAGTGTACGCATAGGGCCAGGACAAACATTCTATGCAACAGGTGACATAATAGGAGATATAAGACAAGCACACTGT,TGCAATACAACAAAGCTGTTTAATAGCACTTGGAATAATGATAACTACAATGTCAGCGCAAACCTCACAGAGGAAAACAGAAAGGAAAACATAACTCTCCACTGC,AATAATGGTACAAATGATACTGAGACCTTCAGGCCT
JX140646,TGTAGTGACCTCAACTGCACCTGCAACAGCAGTAGCCCCAACAACAATAGCCTCAACTGCAGCGAGTGCAGTGGGAGAGAGGAAATGAAAAAC,TGCTCTTTCAATGTGACCACAGAACTAAGAGATAAGACAAAGAAGGTGCATTCACTTTTTTATAGAGTTGATATAGTACCACTTAATGATATAGCACCACCTAATGAAACAAATAGCAGTACAGGGAGCAGTACAAATAAAAATACTTATGGATTAATAAACTGT,TGTATGAGACCTAACAACAATACAAGAGAAAGTGTACGTATAGGACCAGGACAAGCATTCTATGCAACAGGTGAGATAATAGGGGATATAAGACAAGCACACTGT,TGCAATACAACAGAATTATTTAATAAGACTTTTAATGATACTGATCTAAAGTTAAATAGCAGTAGCATTAAGGAGTCAAATGATACTATAACTCTCCAATGT,GGTAATGAAAGCACAAGAGATAATGAGACATTCAGGCCT
KX389629,TGTAGTGATCTCACAAACAGTACCAGAAACAGTACTACCGAAAGCAGTAACAATACCACTCTCAGAAACATACCTAGTGATATGGCAGGGGAAGTAAAAAAC,TGCTCTTTCAATATGACCACAGAAGTGAGAGATAAGCAACGGAAAATCTATGCACTTTTCTATAGACAAGATGTAGTACAAATTAATGAACAAGATAGCAATAGTAGCAGTAATAGTAATAGCAGTAAGGAGTACAGGTTAATAAATTGT,TGTACCAGGCCTGGCAACAATACAAGGAGAAGTGTACGTATAGGACCAGGACAAACATTCTATGCAACAGGTGATATAATAGGGGATATAAGACAAGCACATTGT,TGCAACACATCAGGACTATTTAATAGCAGTTGGCCTAACAATAGCACTTGGAATAATATAACAAATGACAATATAACTCTCCAATGC,TATGATAATAGTACCAATAACACAGAAACATTCAGGCCT
KX389647,TGTCGGGATGCCCCAATTAACCAAACTGGTAATAGAAGTATAACTACAGATGAAATGAAAAAC,TGCTCTTTCAAGATGACCACAGAATTAAGAGATAAGGAACAGAGAATGCATGCACTTTTTTATAAACTTGATGTAGTACTAATCAATGGAACTACCAATAGTACCAATAGTAGTGGTGAGTATAGGTTAATAAATTGT,TGTACCAGACCTAACAACAATACAAGAACAAGCTGGCATATAGGACCAGGGCAAGCATTTTATACAACAGAGGTAATAGGGAACATAAGACAAGCATCTTGT,TGCAATACATCAGGACTGTTTAATAGCGCTTGGAGGATTAATGGCACTGTTAACCATACAGAATCAAATACCAACCATACAAATAACACCATAATTCTCCCATGC,AATGAGGCAAATAATAGTGAGACCTTCAGACCT
KY820471,,,TGTACCAGACCTAATAACAATACAAGAAAAAGTGTACATATAGGACCAGGGCAAGCTTTCTATGCAACAGATGACATACTAGGAGATATAAGACAAGCATATTGT,TGCAATACCTCAAGATTGTTTAACAGCACTTGGGAAAACAAGACGACCAGAACAGCGTCAAATAAATCTATAACTCTCCCATGC,AATAGTAATGGTGAAAATGAGACCTTCAGGCCT
AJ251057,TGTCATAACATCACCAACACCTCTAGCGGCAACAATATAAAAGAAGAAACAAAAAAC,TGCTCTTTCAATATGACCACAGACTTAAGAGACAAGGAACAGAAAGTGTATGCACTTTTTTATAGAATTGATATAGTACAATTTAAGAACAGTAGTGTGAATAATAGTGATGGTAGTGATGGTGAGTATAGGTTAATAAATTGT,TGTACCAGACCTAGCAACAATACAAGAAAAAGTGTACGTATTGGACCAGGGCAAACATTCTATGCAGCAGGTGAAATAATAGGAGATATAAGACGAGCACATTGT,TGCAATACATCAGGACTGTTTAATGGCACTTGGAATGGCACTAGCAGCTCAAACCACACATGGGTAAATGACACTATAACTCTCCAATGC,GATAATAATAGTACAAATGAGACTTTCAGGCCT
AY371131,TGTCATAATTTCAACAGCAGCAACAGTGGCAACTATAGCAACAGTAGCCTGTATAATAACATGGTAGGAGAAATAAAAAAC,TGCTCTTTCAATATGACCACAGAACTAAGAGATAAGAAACAGAGAGTGCACGCACTTTTTTATAAACTTGATGTAGTACAAATTAATGAAAAGAATAATAGTCAGTATAGGTTCATAAATTGT,TGTACCAGACCTAGCAACAATACAAGAAAAAGTGTACGTATAGGACCAGGGCAAACATTCTATGCAACAGATGAAGTAATAGGGGATATAAGACAAGCACATTGC,TGCGATACATCAGGACTGTTTAATAGCACTTGGGACAGCACTTGGGGCAATAACAATGACAGCTCAGAGGCAAATGGCACTATAACTCTCCAATGC,CCTGATAGTCCAAATGAGATATTCAGGCCT
AY371124,TGTAGCAATGCCTCTTTCAACGGTAGCAATGTCATTTTCAACAGTAGCACTGCCTCTTTGAATGGCTATTTCAACGAAAGTAATGAAATAAAAATC,TGCTCTTTCAATGTGACTACTGAACTAAGTGATAAGAAAAGGAAAGAGTATGGACTTTTTTATGCACATGATGTAGAAAAAATTAGTGAAAATGAAAGTAGGTTAATAAGTTGT,TGTATCAGACCTAGCAACAATACAAGAAAAAGTATACGTATAGGACCAGGGCAAACATTCTATGCAACAGGTGCCATAATAGGGGATATAAGACGAGCACATTGT,TGCAATACATCACAACTGTTTAATAGAACTTGGGGTAATAATAGCACCTGGGGAAACGAGACAGGGGAGGGCAATATAACTATCACTCTCCCATGC,AATAATACTAATAGTACAGATGAGATCTTCAGGCCT
HM215293,TGTCATGATAACGTCAACATCCGCAATTACACCACCCCTAATGACAACATCACCTCTCTCAGCAACATTACTAGCGACATAAAAAAC,TGCTCTTTCAATTCGACTACAGAATTAAGAGATAAGAATCAGAAAGTGTATGCACTTTTTTATAAAATTGATATGGTATCACTTAATGAGAATAACAATAGTTATAGGTTGATTAATTGT,TGTATTAGACCTGGCAACAATACAAGAAAAAGTGTTCGTATAGGACCGGGGCAAACATTCTATGCAATGGGAGACATAATAGGAGATATAAGACAAGCACATTGT,TGCAATACATCAAAGCTGTTTAATAGCACTTGGGGTAACAATACCACTAACAGCTCATCAGAATCAAATAACAATGACACTCTAATTCTCCAATGC,ATTAATAATACAAATAATGAGACCTTCAGGCCT
KT223759,TGTTCTGGGGTCTACAATAGCAGCCTCAAGAACGTATCTGAGGAAATGAATGGGGAAATAAAAAAC,TGCTCTTTCAATATGACCACAGAATTAAGAGATCAAAAACAGAAAGTACATGCACTTTTTTATAGAATTGATGTAGTACCCATTAATGATAGTGATAGTAGCCAGATTACTAATGTCAGTCAGAATAATAGTAATAGTCAGCAGAGTTATAGTCGTTATAGGTTGATAAATTGT,TGTACCAGACCTAACAATAATACAAGAAAAAGTGTGCACATAGGACCAGGACAAACATACTATGCAACAGGTGACATAATAGGGGATATAAGACAGGCACATTGT,TGCAATACATCAAAGCTGTTTAATAGCACTTGGAATGCCACTGACATCAATAGCAATGTCAGCACAGACTCAGGGAAAAATGACACTATAACTCTCCCATGC,AAGGAAAACAATAGTACAAATGAGACTTACAGGCCA
DQ869018,TGTCAAGACTTCAACAAAACTAACCTCAACAAAACTAACATGTATGGGGAAATAAAAAAC,TGCTCGTACAATATAACCACAGAACTAAGTGATAAGAGGAAGAAGGTACATTCACTTTTTTATAGACTTGATGTAGTACCAATTAATAACGATAGTAGTAATAATAGTCAGTATAGGTTAATAAATTGT,TGTACCAGACCTGGTAACAATACAAGAAAAAGTGTACGTATAGGACCAGGGCAAACATTCTATGCAACAGGAGACATAACAGGGGATATAAGACAAGCACATTGT,TGCAATACAACAGCACTGTTTAATAGCACTTGGGATAGCAATACCACTGCCAGCGAAGAGTCAAATAGCACCATAGATGACATTATAACTCTCCAATGC,GATAATAATAACAGTGAGACCTTCAGACCT
EU480463,TGTAGTGACTACCAAGGCGAAAACAGCACCAGCACCCCTAATACCACTAGCACCACTAGCAACACTAGCACTGTCACTAGCACCCCTAGACCTGGGGAAATGAAAAAT,TGCTCTTTCAATACGACCACAGAACTAAGAGATAAGAGACGGGGAGAGTATGCAATTTTTTATAGACAGGATGTAGAAGAAATTAATGAAAATAATATCAGTTATTATAGGTTAATAAATTGT,TGTAGCAGACCAGGCAACAATACAAGAAAAAGTGTACATCTAGGACCAGGGCAAGCAATCTATGCAACAGGTGCCATAATAGGGGATATAAGACAAGCACATTGC,TGCAATACATCAGAACTGTTTAATAGCACTTGGGGTAACAACAGCACTAGGGATAATGGCACTGGCATTATAACTCTCCAATGC,AATAAGGGGAATGATACAAGCAATAAGAATGAGACTTTCAGGCCT
HQ616086,TGTCATGACTACAATGGAACTGCCTCTAATAATACTGTCTCTAACAGTACCTCTAACAATAGCACCGGATCTAGTGAGCTACTAGAAGATCCAGGAGCAGTACAAAAC,TGTTCTTTCAATATGACCACAGTAATAAGAGATAGGAAACAGAAAATGTCTGCACTTTTTTATAGACTTGATATAGTACCCATTAGGGATGGACAAAACAGTAGCTATAGGTTAATAAATTGT,TGTACCAGACCCAACAACAATACAAGAACAGGTGTACATATAGGACCAGGACAAGCATTCTATGCAACAGATAAAATAATAGGGGATATAAGACAAGCATATTGC,TGCAATACATCAGCACTGTTTAATAGCACTTGGTATAGCAATGAGAGTAGCACTGGGAATAGCACTGGGGGGAATATCACTGGCACTATAGTGCTCCCATGC,ACTAACAGTACAAATGAGACCTTCAGACCC
HQ385475,TGCACTAGCGTCTCTAACTCCTCTATCTCCAATGGCTCTTATGTATCTGGTGACATGAAAGGGGAAATAAAAAAC,TGCTCTTTCAATATGACCACAGAATTAAGAGATAAGAAAAAGAAAGTGTATGCACTTTTTTATAGACCTGATGTAGTACAAATTGATAATGAAACTAACAGTAACTATAGTCAGTATAGGTTAATAAATTGT,TGTACCAGACCTAACAACAATACAAGAAAAAGTTTTCATCTAGGACCAGGGCATGCATTCCATGCAACAGGTGGTATAATAGGGGATATAAGACAAGCACATTGT,TGCAATACAGCAAATCTGTTTAATAGCACGTTTAATGGCACTCGGAACTCCAACAATTCCAGCAATGACAGCTCAAAGTCAAATAGAATTATAACTCTCCAATGC,AAGAGAGACAAGGAAAATGATACAGAGATTTTCAGACCT
AY444809,TGTCATGACTTCAACAGCACTAGCATTAACAAATCTATGAACATGCAAGAGGAAGTGAAGAAC,TGCTCTTTCAATATGACCACAGAATTAAGAGATAAGAAAAGGAAAATGCATGCACTTTTTTATAGGCTTGATGTAGTACAAATTGAGGAAACTAATAGCAGTAACAAGTATAGGTTAATAAATTGT,TGTACCAGACCTAGCAACAATACAAGGACAAGTACACGTATAGGACCAGGGCAAACATTCTATGCAACAGGTGACATAATAGGGGATATAAGACAAGCACATTGT,TGCAATACATCAGGACTGTTTAATAGTACTTGGAATGGCACTGACATGCAGAATAATGAAAATGGCACTATACATCTCCCATGC,AATATAAGTAGTACCAATGAAACGTTCAGGCCT
AY371130,TGTACCTCTGTCAACAACAGCACCAACAACATAACTAGTGGCATGCAAGAAGAAATAAAAAAC,TGCACGTTCAATGTGACCACAGAAATAAGAGATAAGAAACAGAAAATGCATGCACTTTTTTATAAACCTGATGTAGTACAAATTAATGAAGGTAATGACAGTAGTCAGTATAGATTAATAAATTGT,TGTACCAGACCTAACAATAATACAAGAAAAAGTATACGTATAGGACCAGGGCAAACATTCTATGCAACAGGTGAAATAATAGGGGATATAAGACAAGCATATTGT,TGTAATACAACAAAACTATTTAACACTGCCAGCTTAAATGACACAGAGACAAATGGCACTATAACTCTCCCATGC,AACAATAGGAGTACAGAAACCTTTAGGCCT
AF063224,TGTTATAACGTCAGCAGCAATAGCAGCATCTCTGTCAAGAGCATATCTAGGGACATGCAAGGGGAAATAAAAAAT,TGCTCTTTCAATATGACCACAGAACTAAGAGATAAGAAACAGCAAGTGTCTGCACTTTTTTATAGACTTGATGTAGTACAAATTAATGAAAGTAGCAATAGTCAATATAGGTTAATCAATTGT,TGTACTAGACCTAACAACAATACAAGAAAGAGTGTGCGTATAGGACCAGGGCAAACATTCTATGCAACAGGTGACATAATAGGGGATATAAGAAAAGCACATTGT,TGCAATACATCGGAACTGTTTAATAGCACTTGGGATAACAGCTTAAATCACACAGAGTCAAATCACACAGAAGACAATATAACTCTCCAATGC,AGTAATAATAGTACAAATGAGACTTTCAGGCCT
HM215281,TGTCATAATGTCAATAGTACATCCAACAACTCTAGCCGCAGCAACATAACTTATAATGAAATGCAAGGGGAAATAAAAAAC,TGCTCTTTCAATATGACCACAGAAGTGAAAGATAAGAAACAGAAAGTGTATGCACTTTTTTATAGACTTGATATAGTACAAATGAATAACAGTACTTATAGATTAATAAATTGT,TGTACCAGACCTAACAACAATACAAGAAAAAGTGTACGTATAGGACCAGGACAAACATTCTATGCAACAGGTGACATAATAGGGGATATAAGGCAAGCACATTGT,TGCAATACAACACCACTGTTTAATAGCACTTGGTACAGCAATAACACTGCCAATAGCTCAAACAGCACAGAGTTAAATGGAACTATAACTCTCCAATGC,GGGAATAATACAAATACAAATGAGACCTTTAGGCCT
FJ694792,TGTTCTAACGTCAACAGAACTAACGTCAACGGCACCATACAGGAAAATAGCACCCTACATGAAATAAAAAAC,TGCTCTTTTAATATGACCACAGAACTAATAGATAAGAAAAAGAAAGTGTCTGCACTGTTTTATGTATCTGATGTAGTACAAATGGATGAAAATAGCAGTAGTAATAATTCTCATGAAGATAGCAGTAGTATTAGTTCTTATAGGTTAATAAATTGT,TGTAGCAGACCTAACAACAACACAAGAAAAAGTGTACGTATAGGACCAGGACAAACATTCTATGCAACAGGTGACATAATAGGAGATATAAGACAAGCACATTGT,TGCAATACATCAGCACTGTTTAATAGCACTTGGAAGCACGATACCAAGTTCGACAATACCAGCGTAGGGCCATATGACAATATAACTCTCCAGTGC,AAAATTAATAATACAAATGAGATTTTCAGGCCT
HQ912706,TGTAGCACCCCTAGCAACATATCTGGTGAAAGGATGGGGGAAATGAAAAAC,TGCTCTTTCAATATGACCACAGAACTAAGAGATAAGAGACAGAAAATGCACGCACTTTTTTATAAACTTGATGTAGTAGAAATTAATGGAGATAATGATACTAGTGGTCAGTATAGGTTAATAAATTGT,TGTACCAGACCTGGCAACAATACAAGAAGAAGTGTACGTATAGGACCAGGACAAACATTCTATGCAACAGGTGAAATAATAGGGGACATAAGAAAAGCACATTGT,TGCAATACAACAGAACTATTTAATAGCACTTGGAACGTAACTGCCAGCTCAAACTACACAGAGTCAAACTCAAATGACAGTATAACTCTCCCATGC,AATAATAGTACAAATGAGACATTCAGGCCT
EU513198,TGTCATAACTTTAGTAACACCAGCAGCAGCAATAGTCTCCACAGTAGCACTGTCTCTCCCCAGATGCGAGGAGAAATACAAAAC,TGCTCTTTCAATACAACCACATTACTAAAAGATAAGAAAAAGAAAGAGTATGCACTTTTTTATAGACAGGATATAGTACCACTAGATACAAATGGAACTAACATAGATACAAATGGAACTAACAGTAGCCAATATATGTTAATAAATTGT,TGTACCAGACCTGGCAACAATACAAGAAAAAGTGTGCATCTAGGACCAGGACAAGCATTCTATGCAACAGGTGACATAATAGGGGATATAAGACAAGCATATTGT,TGCAATACCTCAAACCTGTTTAATGGCACTTTGTATAACAACACCTGGATGTTTAATGGCACTTTGTATAATAATACTAACGAGAGCTCAACATCAGGTACTATAACTATCAAGTGC,GCTGGAAAAAGCACAAATGAGACCTTCAGGCCT
