AF484511,TGCAATAATACAAATTATGTCAATGCCTCTTATGTCAATGCCACTGTCACTGAGGAAACAGAAATGAAAAAC,TGCTCGTTCAATATAACCACAAGAGATAAGAAGCAGAAAGTACATGCATTTTTTGATAGACTTGATGTAGTACCAATAGATAAGAATAATAAAAGTTATAGATTAATAAATTGT,TGCATAAGGCCCAACAACAATACAAGACAAAGTACACATCTAGGACCAGGGCGAGCATTATTTACAACAAACATAGTAGGAGATATAAGACAAGCACATTGT,TGCAATACATCAGGATTGTTTAATAATAGTGTATGGAGCAATGATACATCAAGTAGTAATGATACATCAAGTAGTTCAAATAGTACAATCACACTCCCATGC,AATAATGATAGCCGCACGAATACAAATGAGATCTTCAGACCT
AF484490,TGCACTGAATTGAAAAATGTCACTGGCACTGATGGCGCTAACACCACTACCACTAAGGAGGACATAGGAATGAGAAAC,TGCTCTTTCAATATAACCACAGAACTAAGAGATAAGACAAAGAAAGAATATGCACTATTTTATAAACTTGATGTGGTATCAATAGAAGATGATGATAATACTAGCACCAGCTATAGATTGATAAATTGT,TGCACAAGGCCCTATAACAATACAAGAAGAGGCATACATGTGGGACCAGGGCAAGCACTCTATACAAATAGGATAACAGGAGATATAAGACAAGCATATTGT,TGCAATACATCAGGACTGTTTAATAGTACATGGGAGAAAAATAATAATAATAGTAAATGGGAAAATAATAGTACCAGGGGGAATAATAATACACTTATCACACTCCAATGC,ATAAATAGTACTAATGGTAATCAGACCTTCAGACCT
AF484504,TGCACTGATGCAAGGAGGAATGAGACTAGGAATAATACAGGAATGGAAAACAATGATCAAATAGAAATGAAAAAC,TGCTCTTTCAATATAACCACAAAATTAATAGATAAGAAGAAGCAAGTACATGCACTTTTTTATAGACTTGATGTGGTACAAATAGATAATGAGACTAGTAATAGCAACTATAGCAACTATAGATTAATAAATTGC,TGTACAAGGCCCTACTACAACCAGATAAGACAAAGAACATCTATAGGACAAGGGCAAGCACTCTATACAACAAGAGTAACAGGAGATATAAGAAAAGCATATTGC,TGCAATACATCAAAACTGTTTAACAGTGCATGGAATGACAGTACATGGAATATAGGGAATAATGATACAGGGTCAGATAATGGCCCATGC,GGTGCAAATAGTAGTCAGAACGAGACCTTCAGACCT
KU749394,TGTAGAAATGCCAATTTCAATAATACCTGTAAGAACCAAACCAATAACCATAGCCAAATCAATAACCACACCTGCCCTATGGAGTCAGAGGTGAGAAAC,TGCTCTTTCAATATAACTACAATGATGAGAGATAAGAAAAAACAAGTATATGCTCTTTTTTATAAACCTGATGTAGTACAAATGGACAATACCACTTATAGGTTAATAAATTGT,TGTACAAGACCTTATAACAATACAAGAGAAAATACACAAATAGGACCAGGACAAACACTCTATACAAGCAAGATGATAATAGGAGACATAAGACAAGCATATTGT,TGTAATACATCAGGACTGTTTAATAATACATGGAATGTTACTGCAGAGGAATGGGAGAATAACAGTACATGGAATCAGACAAATGTAGTCAAACTCCCATGC,AAGAATAGCTCTACTGAGATCTTCAGACTCAGACCT
AF484486,TGCACAAATGTAACTAGCAGCACTGGGAGGAATATAAGTGGGGACATAGGAATGAAAAAC,TGCTCTTTCAATATAACCACAGTATTAAGAAATAAGAAGAAGCAAGTACAGGCACTTTTTTATAGACTTGATGTGGTACAAATAGATAATACTACTAATAGTAGCTATAGTGACTATAGATTAATAAATTGT,TGCACAAGGCCCGGCAACAACACAAGACAAAGTATACATCTAGGACCAGGGCAAGCATTATGGACAACAACAGATATAATAGGAAACATAAGACAAGCACATTGT,TGCAATACATCAGGACTGTTTAATAGTACATGGAGGAATGATACATCAAGTAGTACATGGAGGAATGATACATCAAGTAGTACAAAGCCAGATGAGACACTCACACTCCCATGC,ACACATAATAATAATAGTCAGACTGAGACCATCAGGCCT
EU853102,TGCACTGATGCCACTAACAATGCCACTAACAATGACCCTGATGGCACAGGAATGAAAAAC,TGCTCTTTCAATGTAACCACAGAAGTAAAAGATAAGAAGAAGCAAGTACATGCACTTTTTTATAAACTTGATGTGGTACAAATGGATGATAATAGGACTAATACCAACTATAGCAGCTATAGATTAATAAATTGT,TGCACGAGACCCAACAACAACACAAGGCAAAGTACACATATAGGACCAGGAAAAGCACTCTTTACAACAAACATAATAGGAGATATAAGACAAGCATATTGT,TGCAATACATCAAGCCTGTTTAATACATCAAATAATACAGGAGAAAATAATAGTACAGGAGAAAATAATAGTACAATCACACTCAAATGT,GTAAATAATAATACTAGTGGAAATGAAACCTTCAGACCT
AY371157,TGCAGTAATCCCAACATTACTAATAACAGTAGTGCTAACAACATCAGCATTGTAAAAAAAATGAAGAAC,TGCTCTTTCAATACAACCACAATATTGAAGGACAAACAGAAGCAAGAATATGCACTTTTTTATATACTTGATATAGTAGGAATAGATAATAGTAGTAATAGGTTAATAAATTGT,TGTGTAAGGCCGAACAGCAATACAAGAAAAAGTATAAATCTAGGACCAGGGCAGGCATTCTATGCAACATATGCAACAAATATAATAGGAAACATAAGACAGGCACATTGT,TGCAATACATCAGGATTGTTTAATGGAACATGGGATAATGGAACATGGACATGGAATACTAGTGCAGTACCAAATGAAACAATCACAATCCCATGT,AATACTAGTGATAGTGCAGAGACTTTTAGGCCT
KF986106,TGCACTGAATGGGAGAATGCAACTGCCACTAATGAAACCACAGAGATGAAAAAC,TGCTCTTTCAATATAACCACATTATTACAAGATAAGAAGACGCGAGAATATGCACTTTTTTATAAACTTGATATAGTACCAATAGATAATAATAATAATAGTAGTAATAGTACCACCTATAGATTAATAAACTGT,TGCACAAGGCCCTACAACAATATAAGAAAAAGGATACATATAGGGCCAGGGCGAGCATTTTATGCAAACGTAATAGGAGATATAAGACAAGCACATTGT,TGCAATACAACAAAACTGTTTAACAGTACATGGCATAACAGTACATGGAAGAATGATACTGCATTAAATACAACAGGGGATAAGATAATCACACTCCCATGT,AAAACTAATAATCATAGTGAGACCCTTAATGAGACCTTCAGACCT
EU852942,TGCACTGATGTACGGAGTAATGGCACTAAACAGAGTAATGGCACTGAACAGAGTAATAGCACGGAATTTAGGGGGGACATAGAAATGAAGAAC,TGCTCTTTCAATATAACCACAGTAGTAAGAGATAAGAAGAAGCAAGTATATGCACTTTTTTATAGACTTGATGTGGTACAAATAGATGATAATAATAGTACTAGCTATAGATTAATAAATTGT,TGCACAAGGCCCAACAACAATACAAGAAAAAGTATACATCTAGGGCCAGGGCAAGCATTCTATACAACAAAAATAATAGGAGATATAAGACAAGCATATTGT,TGCAATACATCACAGCTGTTTAATAGTACATGGGAAACCAATACGACAAATAAGCTAAATGAGACAATCACACTCCCATGC,ACAAATAATAGTAGTCAGAATGAGACCTTCAGACCT
EU853006,TGTACTGAATGGAAGAATGAGAATGAAACTGCCACTAATGGGACGGAGGACATAGGAATGAGAAAC,TGCTCTTTCAATATAACCACAGAAATAAGAGATAAGAAGAAGCAAATACATGCACTTTTTTATAAACTGGATGTGGTGCACATAGATAATAATGATAATAGTAGCTATAGATTAATAAATTGT,TGCACAAGGCCCTACAACAATACAAGACAAGGTACACATATAGGACCAGGGCGAGCATACTTTACAACACAAATAATAGGAGATATAAGAAAAGCATATTGT,TGCAATACATCAGGACTGTTTAACAATAGTATAAATGTGCCATCAAATAGTACAGAGATACCAAATGGGACAATAATCACACTCCCATGC,GCAAATAATAATAGTCAGAATGAGACCTTCAGACCT
GQ245681,TGCACTGACCAGGTAACTGCAAATGGCTATACCAATACAACTGTCCCTGACGGTAATGGCACTAGAATGACAAATGTCTCGGAGGAATTAGGAATGAAAAAC,TGCTCCTTCAATATAACCACAGAAATAAGAGATAGGAAGAAGCAAGCCTATGCACTTTTTTATAAACTTGATGTGGTAAAAATAGATGATAAGAATAATGATAGTACTAGCTATAGATTAATAAATTGT,TGCATAAGGCCCTCCAACAATACAAGGCAAGGTATACGTATAGGACCAGGGCAAGCATACTTTACAACAGAAGTAGTAGGAAATATAAGACAAGCATATTGT,TGCAATACATCAATACTGTTTGATAGTGAGTGGGAGAATGGTACTATATCAAATAGTACAGGGAAAAATGGAGGTGCAATCATACTCCCATGC,ATAACTAATGAGAGTCAGGAGACCTTCAGACCT
DQ141204,TGCACTAATGCCGCCTTAAATGGCACTAGTGCCCATAACAGCACTGGCAACGCCACTGTGGAGCTAAAACCAGAGGTGCAAAAC,TGCTCTGTCAATATAACTACAGTAATAAGAGATAAGAGAAAGCAAGTATATGCGCTTTTTTTTAAACCTGATATAGTACCAATAGATAATAACAGTACCAGTTATAGGTTAATAAATTGT,TGTACAAGGCCCTACAACAATACAAGACAAAATACACAAATAGGACCAGGGCAAACATTCTATACAAGCAAGATGATAATAGGAAACATAAGACAAGCATATTGT,TGTAATACATCAGGACTGTTTAATAGCACATGGGATAATAATACTGATAATAGTAATAGTACAAGGTTCAATAAGACAGTCAAAATCCCATGC,AGTAGCAATAGTTCTAATGAGACCGTCAGACCT
HQ659623,TGTACTGAATGGAAGGCAAATGACACTATGACAAATGCCACTGAGGACATAGGAATGAAAAAC,TGCTCTTTCAATATAACCACAGAATTAAGAGATAGGAAAAAGAAAACATATGCTCTTTTTTATAAACTTGATGTAGTACAAATAAATGATACTAATAGTAGTAATAACAGCAGCTATATATTAATAAATTGT,TGCACAAGGCCCTACAACAATACAAGAACAAGTGAACATATGGGACCAGGGCGAGCATTCTTTACAACAAAAATAACAGGAGATATAAGACAAGCACATTGT,TGCAATACATCAGGACTGTTTAATAATAGTGAGTGGACAGATACGACACCAAATACGACATCAAATGGTACCATCATACTCCCATGC,AATAATAATAGTAGTCTGAATGAGACCTTCAGACCT
JQ361079,TGTAGCGATTTAGACAACAGTAACAAGGGAAATGCAACAAATACAACTGTAGCATCTGAAGCGGGAATGAATACAACTGTAGCACCTGAAGCGGGAATGAAAAAC,TGCTCTTTCAATATAACCACAGAAGTAAAGGATAAGAAGAAGCTAGTATATGCACATTTTTATAACCTTGATGTAGTACAACTAGATGGCAATACTAATAGCTATAGATTAATACATTGT,TGCACAAGGCCCAACAACAATACAAGACAAGGTGTACATATAGGACCAGGGCAAGCACTCTTTACAAATAGAGTGATAGGAAATATAAGATTAGCATATTGT,TGCAGTACATCAAAATTATTTAATGAGACAATAGACCTGAATAATACTTATAATGCTTCAATAGAAAATAATACTATAATCACGCTCCCGTGC,AGAGATAATAGTAGTAGTAACGAGACCTTCAGACCT
L48070,TGCAATAATAATGTCACTTTAAACTGCACTGATGCCATCTGCAATAAGACCACTGGGAGCAAAGCCACTGTGGAGCCAAAACTGGAGGTAAAAAAC,TGCTCTTTCAATATAACTACAGTAGTAAGAGATAAGATAAAGGAAGTACATGCGCTTTTTTATAGACCTAATATAGTACCAATAGACAATGATAATAATAGGATCAATAAGAATAGTAGTACTAATTATAGGTTAATAAATTGT,TGTACAAGGCCCTACAAATATATAAGTCAAAGGACATCAATAGGACAAGGGCAAGTACTCCATACAAGCAAGAAGATAATAGGAGATATAAGACAAGCATATTGT,TGTAACACAACAAGGCTGTTTAATAATACATGGAATAATAATAATAGCACATGGTCAAATGAGGGAGTATGGTCAAATCAGACAGTCAGACTCCCATGC,GGTAATAATAGTTCTAACAACGAGACCTTCAGAACT
EU852982,TGCATTGAAGTGACTAAAAACACCACTAACAATAGCAGTACCACTAAAGAGGACACAGGAGTGAGAAAC,TGTACCTTCAACATAACCACAGAACTACAAGATAAGAAGAAGAAAGTACATGCACTCTTTTATAAACTTGATCTGGTACAAATAGATGATAATAGTACTAGTAATAATAGCTATAGATTAATAAGTTGT,TGCATAAGGCCCAACAACAACACAAGACAAAGTACACACATAGGACCAGGGCAAGCACTCTATACAACACAAGTAATAGGAGATATAAGACAAGCACATTGT,TGCAATACATCAGGACTGTTTAACAATACGTTTAAATGGGAGAATGGCACTTTATTAAATACTACAGTAAATATTACAGAGAATAGTACAGAGAATATCACACTCCCATGC,ACAAATAATAGTCAGGATGATGAGACCTTTAGACCT
GU204937,TGCACTGAATGGAAGGGAAATGCCACTAGTGCCCCTGGAGGGGACACAGGAATGAAAAAC,TGCTCTTTCAATGTAACCACAGAATTAATAGATAAGCAGAAGCAAATACATGCACTTTTTTATAAACTTGATATGGTACCAATAGATGTTAAGAATAGTACAATAGACAATAATGATAGTAGGACTAATACCAACTATACCAGCTATAGGTTAATAAATTGT,TGCTCAAGGCCCTACAAAAATATAAGACAAAGGACATCTATAGGATTAGGGCAAGCACTCTATACAACAAGAAAAAGAGAATATATAGGACCAGCACCTTGT,TGCAATACAACTAGACTGTTTAATAGTGTATGGA?GAATGATA?TGATACAGCAAATAGTACAGAGGTAATCAGACTCCCATGC,GTAA?TAATAA?AGTCAGAATGAGACCTT?AGGCCT
FJ866138,TGCACTGAATGGAATCAAAATAGCACTAATGCCAATAGTACAGGTAGATCTAATGTCACTGATGATACAGGAATGAGAAAT,TGCTCTTTCAATATAACCACAGAAATAAGAGATAAGAAGAAGCAAGTACATGCACTTTTTTATAAACTTGATGTGGTACAAATGGATGGTAGTGATAATAACAGCTATAGATTAATAAATTGT,TGCACAAGGCCCTCCAACAATACAAGACAAAGTATCCGTATAGGACCAGGGCAAGCATTCTATACAACAAAAATAATAGGAGACATAAGACAAGCATATTGT,TGCAGTACATCAGAACTGTTTAATAGTACATGGAATACATCAATTAGTAGTACAAGGAATACATCAAATAGTACAAGGGATATCAGACTCCCATGC,GTAAACAATAATAGTCAGGAGACCCTTAGACCT
KF985982,TGCACTCAACCGATTGACAACACTAGTCAGATAGAAATGAAAAAC,TGCTCTTTCAATGTAACCACAGAATTAAGGGATAGGAAGAAGCAAGTATCTGCACTTTTTTATAGACTTGATGTGGTACAACTGAATGATAGTACTAATAATGGTACCAGCTATAGATTAATAAATTGT,TGCACAAGACCCTACAACAATACATTACAAAGTATACATATGGGACCCGGGAAAGCAATCTATACAACACAGATAATAGGAAATATAAGACAAGCACATTGT,TGCAATACAACAGAACTGTTCAATAGTACATGGAATAATACGTCAACTAGTACAGGGGGAAATGAAAGTACAATCACACTCCAATGC,GGTAAGAATAAGTCGAATGAGACCTTCAGACCT
AF457090,TGTACTGATGTGAAGAATGAAACTATCTTCAAAACTTTCAATGAGACCATGAAAAATGAGACCATGAAAAATGAGAACATGAAAAACCTCAATGACACCATAAAAAACCTCAATGAGACCATGACAAAC,TGCTCTTTTAGGGTAACCACAGAATTAAGAGATAAGGAGAAGCAAGTGCATGCACTTTTTTATAGACTTGATGTGGTAAAAACAGATGGGGGTAATAACAGCTATAGATTAATAAATTGT,TGTACAAGGCCCTCCAACAATACCAGACAGAGTATACGTATAGGACCAGGGCAAGCCTTCTATACAACAGAAGTAATAGGAAATATAAGACTAGCATTTTGT,TGCAATACATCACAACTGTTTAATAGTACGTGGGATAATAATAAGTGGAGTGATACAACAAATAGTACAGGGGGAAATGCGAGTAAAATCATACTCCCATGC,AATATCAATAGTACTAATGAGACCTTCAGGCCT
KU921767,TGCACTAATGAAAAACCGTCATGCAACGAAACAGGGAACAACATTACTGCGAACAGCACTAATGTGAAAAACTGCTTCTTGTTATGGAACAACACTCAAGAGATGAGAAAC,TGCTCTTACAATACAACCACAGTGTTAAGAGATAAGAGGAAGCAAGTATGGGCACTTTTTTATAGAGTTGATATAACACCAATAGGTAATAGTTCCAATACCACTGATTATAGGTTAATAAATTGT,TGTACAAGGCCCTACAATAACACAAAATTAATTACACATATAGGACCAGGGCAAGCAATCCATGCAACCACAAAGAGATTTATGGTAGGAAATCCAAGACAAGCACATTGT,TGTAATACATCAAACCTGTTTAATAGTATATGGAATACAACACAAGGGACTAATAGTACAGGGTCAGAAAATAAAACAATCACGATCCAATGC,ATACAGAATGATTCTGATGAAACCTTCAGACCT
AF484495,TGCACAAATGCCACATCCCCTAATACCACATCCTCTAATATCACAACATCCACTAATGCCACTGCTGAGGGAGAATCAAGAATGAACAAC,TGCTCTTTCAATATAACCACAGAAGTAAAAGATAAGAAAAAGAAAGTATATGCACTTTTTTATAAACTTGATGTAGTACCAGTAGGTGGTAATGATAATACTAGCTATAGATTAATAAATTGT,TGCACAAGGCCCGGCAATAATACAAGACAAAGTACGCGTATAGGACCAGGGCAAGCATTCTTTACAACAAAGGTAATAGGAGATATAAGACAAGCATATTGT,TGCAACACAACAGGATTGTTTAATCATAGTAAATGGAATAATAATAATACATCAGAATGGAATAATACAGATAAGATAATCACACTCCCATGC,ACAAATAGTACTCAGAATGAGACCTTCAGACCT
AB485648,TGCAGGGATATTTCTAGTGACGCCACTAGTAACACCATTAGTAACGTCACTGGACCGATGATGGGGAAAGGAGAAATGCAAAAC,TGTTCTTTCAATATAACCACAGAAATAAGAAATAAAAGACAGAATGTATATTCACTTTTTTATAAACTTGATTTAGTACCAATAGGCAATAGTAATAAGAATAGCACCAATTATACCAGTTATAGATTAATACATTGT,TGTACAAGGCCTTACAACAATAAAAGACAAAGGACACCTATAGGACTAGGGCAGGTACTCCATACAACAAGGGTAAAAGGAGATATAAGACAAGCACATTGT,TGCAATACATCAGGACTGTTTAATAGTACATGGAAAACAAAATCAGGTGATAATATTACACTCCCATGC,ATACATAATACTAGCAATGAGACCGAGACCTTCAGACCT
JN054274,TGCATGGATGTGACGGGCAACAGCAGCAACAGCAACATCAGCAGCACACTAGAGGGAGAAATAAAAAAC,TGCTCTTTCAATATAACCACAATACTAAGGGATAAGAAGAAGCAAGAATATGCACTTTTTTATAGACTTGATCTAACAAGCATAGATGATAGTAATATAACTTATAGGTTAATAAATTGT,TGTACAAGGGTCAACAACAATACAAGAAAGAGTATACATCTAGGACCAGGGCAAGCATTCTATGCCACAGATAAAATAATAGGAGATATAAGACAAGCACACTGT,TGCAATACATCAGGACTGTTTAATAAGACATGGACAGGTAATGAGACAGGGACTAATAACAACACAGATAGGAATATCACACTCCCATGC,AGTAGTAATAATGCTTCTAATAATGAGACCATCAGACCT
EU853046,TGCAAAAATGTTAATATGACTAACACAAATGTTACTATGACTGACACAGGAATGAAAAAT,TGCTCTTTCAATATATCCACAGAAGTAAAAGATAAGAAGAAGCAATCATATGCACTTTTTTATAACCTTGATGTGGTACAGATAAATGCTGGTGATAATACCAGCTATAGATTAATAAGTTGC,TGCACAAGGCCCTCCAACAATACAAGACAAAGTACACACATAGGACCAGGGCAAGCACTCTTTACAACAAACGTAATAGGAAATATAAGACAAGCACATTGT,TGCGATACATCAGGACTGTTTAATTATAGTAGTATGTTTAATAGTAGTACATCAAATAGTAGTATAGGGGAAAATGAAACAATCACACTCCAATGC,GAAAATACTAGTGAGGAGATCTTCAGACCT
KU168272,TGCACCGATAAAGTGACCAACGTCACTGATCGAGTGAACAGCAGCACTGCAGACAACAGCACTAATAATGACTTAAAGATAGAAAAGGGAGAAATGAAAAAT,TGCTCTTTCAATATGACCACAGAAGTAAGAGATAAGCAGAAGCAAGTATATTCACTTTTTTATAGACTTGATATAGTACCATTAGATGATAATAGTAATCAGAGTAGTGTCAATCAGAATAATAATGCTACCAGTTATGCTAATTATAGGTTAATAAATTGT,TGTACAAGGCCCAACGTCTATACAAAAAAAGGTATACGTACGGGACCAGGGCGAGGGCAGGCAATCCTCACAACACAGGTAACAGGAGACATAAGACGAGCGCATTGT,TGCAATACATCAAAATTGTTTAATAGTACATGGAATATAACAGCAGGGAAAAACGATACAACAACAGGGAATAGCTCAATCACACTTCCATGC,AATGTAAGTGATACTAACAACACCCAGACCTTCAGACCT
KX129513,TGCAGTGATTGGAAGAATAACAATAGCAGTGATATAATTAATAAGACTGAGGATATAGGAATGAAAAAC,TGCTCTTTCAATATAACCACAGAAGTAAGAGATAAGAAGAAGCAAATGTACGCACTTTTTTATAGACTTGATGTGGTACAAATAGATGATGATAATAGTACTAATACCAGCTATAGATTAATAAACTGT,TGCACAAGGCCCTACAACAATACAAGACAAAGTACACATATAGGACCAGGGCAAGCCCTCTATACAACAAAAGTAATAGGAGATATAAGACAAGCTCATTGT,TGCAATACAACAGAACTATTTAATAGTACATGGAGTAAGACAAATGGTACATGGAATGCAAATGGTACTGAGAATGGGAATACAACCACAATCAAATGC,ATAGCTAATAGTAGTCAAAATGAGACCTTCAGACCT
KF986006,TGTATTGAATGGAAGAATAACAGTACAAATGTCACTAATGATGGGAATAACAGCACAAATGCCCCTGATGACATAGGAGTGAAAAAC,TGCTCTTTCAATATAACTACAGAAGTAAGAGATAAGAAGAAGCAAGTATATGCACTGTTTTATAAACTTGATGTGGTACAAATAGATGATAGTAGTAATACCAACTATAGATTAATAAATTGT,TGTACCAGGCCTAACAATAACACAAGAAAGAGTGTACGTATAGGACCAGGACAGGCATTCTATGCAACAGATGAAATAATAGGGGACATAAGACAAGCACATTGT,AGAGCCAGAGCGAAACTGTTTAATAATAGTATAGGGAGGAATGCTACTACATCAAATAGTACAGAATCTATAACACTCCCATGC,AATACTAATAATCAGAATGAGACCTTCAGACCT
EU668964,TGCATTGATGTTGAGACCAACAATAAGACTACAGTGGACAACAGCAGCATAGGAGACCTGAAAAAC,TGCTCTTTCAATGTAACCACAATATTAAGAAATAAGAAGAAGCAAGTACATGCCCTTTTTTATAGACTTGACGTAGTAAAAATAGATAGTCAGAATAATAGGGCTAATCAGAGTAATGGTACTTATAGGTTAATAAATTGT,TGTATAAGGCCCAATAACAATACAAGAGACAGTATCCATATAGGACCAGGGCAGGCACTCTATGCAACAACAAACATAATAGGAAACATAAGAGAAGCACATTGT,TGTAATACATCAAAACTGTTTAATACAACATGGTCTAGTGAAACATGGGAGAATAGTACGGGAAATAATACCGAATTAAATGGTACGATAACCATCCCATGT,AATAATAGTAATTGTAATGAGACCTTCAGGCCT
AY905591,TGCATTGACTATAAAAATGCCACTAATAACACTGCCACTAATAACACTGATAACAACATAGAAATGAAAAAC,TGCTCTTTCAATATAACCACAGAAATAAGAGATAAGAAGAAAAAAGTACATGCACTTTTTTATAAACTTGATGTGGTGCAAATAGATGATGATAAGAGTCCTAATACCAGCTATAGATTAATAAATTGT,TGCACAAGGCCCTACACCAATAAAAGACAAAGTACACATATAGGACCAGGGCAAGCATTGTATACAACAAAAATAATAGGAGATATAAGACAAGCATATTGT,TGCGATACATCAGGACTGTTTAATAATACACGGTCTAATAATAGTGGATGGAATGATGAGATATCAAATAGTACAGAGGAGGTAATCACACTCCCATGC,GCAAATAATGATAGTCAGAATGAGACCTTCAGGCCT
KF986139,TGCATTGAATGGAAGGTCAATAGTACTAACACTAGTACTAGCACTGATGGTGGAATGAAAAAC,TGCTCTTTCAATATAACCACAGAAGTAAGAGATAGGAAGAAGAAAGTAGATGCACTTTTTTATAAATCTGACGTGGTACAAATAGATAATAATAATAGTAACTATAGATTAATAAATTGT,TGCACAAGGCCCAACAACAATACAAGGAAAAGTATACGCATAGGACCAGGGCAAACATTCTATGCAACAGGAGAAATAACAGGAAACATAAGACAAGCACATTGT,TGCAATACGTCAGGCCTGTTTAATAGTACATGGAACAGTACTACATCTAATGACATGGGGGTAAATGGGACAATCACACTCCAATGC,GTAAATTCTAGTAATAATGAGACCTTCAGACCT
AB485650,TGCACTGAATGGAGGAATGACACCAATGCCACTAAGGATAAAAGGAAGAATGATGCCCCCTCTGAGGGTGCCACTAATGAGGTAGGAATGAAAAAC,TGCTCTTTCAATATAACCACAGAATTAAGAGATAGGAAAAAGCAAGTACATGCACTTTTTTACAAACTTGATGTAGTACAAATAGATGATAATGATAGGAATAATAGCAGTAATAGTACCAGCTATAGATTGATAAATTGT,TGCACAAGGCCCTACCAAAATATAAGAAAATATACACATATGGGACCAGGACGAGCATGGTATACAACAAAAATAATAGGGATAAATGGAGATATAAAACGAGCATATTGT,TGTAATACATCAAGATTGTTTAATAGTGAATGGAGATACAATACAACAAGTAAGGAATGGAGTTCTAATACAACAAATAATACAGGGGTAAATGAAATCAAACTCCCATGC,GCAAATAATAATAGTCAGAATGAGACCTTCAGACCT
AF205863,TGCACTGAATGGAAGGGTGAAAGTGTCACTAACTCTCCTAATAGTACTAAGGAGGACATAGGAATGAAAAAC,TGCTCTTTCAATATAACCACAGAAGTAAGAGATAGGAATAAGAAGGTAAGTGCACTTTTTTATAAGCTTGATGTGGTACAAATAGATAATAATAGTACTAATAGTAATAGTAGTAATAGTACTAGCTATAGATTAATAAATTGT,TGCACAAGGCCCTACAGGAAAGTAAGAATAAAAACACCTATAGGAATAGGGCAAACATACTATGCAACAAATATACAAGGAGACCTAAGACAAGCATATTGT,TGCGATACATCAAGCCTGTTTAATGGAACGGTTAATAATGGAACGCTTATGAATGGGACAAGGGTAAAAAAGGATATAATCAAAATCCCATGT,ACAAATAATACTAGTCAGAATGAGACCATTAGGCCT
AY772989,TGCACTGATGAAGGAAGGAACAGCAGCACTAGCCAGTCAAGGAACAACAGCACTGGCCAGCTAGAGGGGGAAACAATGAAAAAC,TGCTCTTTCAATATAACCACAGTAGTAAGAGATAAGAGGAAGCAAGTACCCGCACTTTTTTATAGACATGATATAGTAGAAATAGGCAATGAGACTAGTACCAATGAGACTAGTACCAATTATAGGTTAATAAATTGT,TGTACAAGGCCCTACAACAATACAAAACAAAGTATACATATAGGACCAGGGCAAGCAGTCTATACAACAAGGATAATAGGAGACATAAGACAAGCACATTGT,TGTAATACAACAAACCTGTTTAATAGCACATGGAATATTAGTAATAGTACAGAATCAAATGATAGCACAGTTATCACACTCCCATGC,CTTAACAGTAGTTCTAACGAGACCCTCAGACCT
AF484519,TGTACAGATTGGAGGGGCACAAATGCCACAGGTACAAATGGCACAAATACAAGTGTCACAGAGGACATAGGAATGAAAAAC,TGCTCTTTCAATATAACCACAGAAATAAGAGATAAAAAGAAAAAGTATGCACTTTTTTATAAGCTTGATGTGGTACCAATAGGTAAGGATAATAGCAGCTATAGATTAATAAATTGT,TGCACAAGGCCCCACAACAATACAAGACAAGGTATAAACATAGGACCAGGGCGAGCATGGTATACCTATTCAAAAGACATAGTAGGAGATATAAGACAAGCACATTGT,TGCAACACATCAGGACTGTTTAATAGTACATGGACATCAAATAGTACATCAAATAGTACAAAGGTAAATAGTACTGAGCCAATCACACTCCAATGC,ACAAATAATACTAGTCAGAATGAGACTTTCAGACCT
AY304496,TGCGCTGAGTGGAAGGAGACAAATGTCACTAATACAACTACTGCTAATACAACTGCCACTAAAACAAATACCACTGGTTGGAATGTGGGAATGAAAAAC,TGCTCTTTCAATGTAACCACAGAAGTAAGAGATAAGAAGAAGCAAGTATATGCACTTTTTTATAACCTTGATGTGGTACAAATGAATGATAATAATAATAGCTATAGGTTAATACATTGT,TGCACAAGGCCCTACAACAATACAATACAAAGTGTACAGATGGGACCAGGGCGAGCATGGTATACATCAGGTATAACAATAATAGGAGATATAAGACAAGCACATTGT,TGCAATACATCAGGACTGTTTAATGGTGTATGGAAGAATAATACATCAGATAATGAAACGGTAAATGGAAGTGAGACAATAACAATCCCATGC,ACAAATGGTGCTAGTCAGAAGGAGACCTTCAGACCC
KX907406,TGTTCTGAGATGAAAAATGGCACTAGGGGAGCAAGCAATAGTACTGGGACAAACAATGGCACTATAAGTAGCACTGATAGAATGAAC,TGCTCTTTCAATGCAACCACAGTAGTAAATGACAAGCAGAAGAAAGTACACGCACTTTCCTATAGACTTGATATAGAACCAATAGGTAACAATAGTACTGAGTATATGTTAATAAATTGT,TGTACAAGGCCCTACAACAATACAAGACAAAGGGTACATATAGGACCAGGGCAAGCAATCTGGACAAACGATGCAAAAGTAATAGTAGGGGACATAAGACAAGCACATTGT,TGTAATACATCAGGACTGTTCAATAGTACATGGGATATTACGAATACTAGTAGCCCAAACAACACAGACCCAATTATCACACTACAATGC,GCAGATAATAGCAGTCATAATGAGACCTTCAGACCT
AY795903,TGCATTGAATGGACTGGATGGAATACCACTAGTGGCAATAATACCACTAATAATATCACTAATGAGGATATAGGAATGAAAAAC,TGCTCTTTCAATGTGACCACAGAATTAAGAGATAAGAAGAAGCAAGTACATGCACTTTTTTATAAACTTGATGTGGTACCAATAGATAATAATAATAGTGCTGATACCAGCTATAGATTAATAAATTGC,TGTACAAGGCCCTACAATAATACAAGGCAAGGTGTACATATGGGACCAGGGCGAGCACTCTATACAACAAACATAATAGGAAATATAAGAAAAGCACATTGT,TGCAATACATCAGAACTGTTTAATCAAAGTGCATGGGGAAATACAAGTGAGATCACACTCCAATGT,AATGAAAATAATGAGACCTTCAGGCCT
KP109501,TGCGCTGAAACTCACCTGAATGACACCCGGGTGGGTAACACCACCGACACAGACATGAGAAAC,TGCTCTTTCAATATAACCACAATGTTACAAGATAAGAAGCAGAAAAAATATGCACTTTTTTATAAAATGGATCTAGTAGGAATAGATAATGAGGAAGGAATAGGTAAGAATAATACTAATCATACTTATAGGTTAATAAATTGT,TGTGAGAGGCCCAACAACAATACAAGACAGGGTATACATATAGGACCAGGGAAGGCCTACTTTACAACAAACATAATAGGAGACATAAGAAGCGCACATTGT,TGTACCACATCAGGCCTGTTTAATAGCACATGGAATAGTAGCACATGGACTAATGGAACATGGGATAATAATACTAAAACAATCCCATGT,GATAATGATTCGGATACTAATGCAACCTTCAGGCCT
EU853094,TGCACTGATGCCACTAACAATGCCACTGACAATGACCCTGATGGCACAGGAATGAAAAAC,TGCTCTTTCAACGTAACCACAGAAGTAAAAGATAAGAAGAAGCAAGTACATGCACTTTTTTATAAACTTGATGTGGTACAAATGGATGATAATAGGACTAATACCAACTATAGCAGCTATAGATTAATAAATTGT,TGCACGAGACCCAACAACAACACAAGGCAAAGTACACATATAGGACCAGGAAAAGCACTCTTTACAACAAACATAATAGGAGATATAAGACAAGCATATTGT,TGCAATACATCAAGCCTGTTTAATACATCAAATAATACAGGAGAAAATAATAGTACAATCACAGGAGAAAATAATAGTACAATCACACTCAAATGT,ATAAATAGTAATAAGAGTAGAAATGAAACCTTCAGACCT
AF484494,TGTAGAGAGTTGGAAAATGCCACTACCCTAGGAATGACAAAC,TGTTCTTTCAATATGACTACAGAAGTAAGAGATAAGAAGAAGCGAGTAGATGCACTTTTTTATAAACTTGATGTGGTACAAATAGATGGTAATAGTAGTAGAAGTAATAGTAGTAATGAGTATAGATTAATAAATTGT,TGCACAAGGCCCAACAACAATACAAGACAAAGCATACATATAGGACCAGGGCAAGCACTCTATACAACAAAAGTAATAGGAAATATCAGACAGGCACATTGT,TGCAATACATCAGGACTGTTTAATAATAGTGTATGGAATACTAGTGTATGGAGAAATGATAGTACATTAGATAATGAGACTATCACACTCCCATGC,GCAAATAATAATAGTCAGAATGAGACCTTCAGACCT
K03454,TGTAGTGATGAATTGAGGAACAATGGCACTATGGGGAACAATGTCACTACAGAGGAGAAAGGAATGAAAAAC,TGCTCTTTCAATGTAACCACAGTACTAAAAGATAAGAAGCAGCAAGTATATGCACTTTTTTATAGACTTGATATAGTACCAATAGACAATGATAGTAGTACCAATAGTACCAATTATAGGTTAATAAATTGT,TGTGCAAGGCCCTATCAAAATACAAGACAAAGAACACCTATAGGACTAGGGCAATCACTCTATACTACAAGATCAAGATCAATAATAGGACAAGCACATTGT,TGTAATACATCAGGACTGTTTAATAGTACATGGAATATTAGTGCATGGAATAATATTACAGAGTCAAATAATAGCACAAACACAAACATCACACTCCAATGC,ATAAATAATAGTACTAACGAGACCTTTAGACCT
K03458,TGCACAGATGAATCAGATGAATGGATGGGGAATGTCACAGGGAAAAATGTCACAGAGGACATAAGAATGAAAAAC,TGCTCTTTCAATATAACCACAGTAGTAAGAGATAAGACAAAACAAGTACATGCACTTTTTTATAGACTTGATATAGTACCAATAGACAATGATAATAGTACCAATAGTACCAATTATAGATTAATAAATTGT,TGTACAAGGCCCTACAAAAATACAAGACAAAGTACACCTATAGGACTAGGGCAAGCGCTCTATACAACAAGAGGTAGAACAAAAATAATAGGACAAGCACATTGT,TGTAATACATCAGGACTGTTTAATAGTACATGGAATATTAATAATTCAGAAGGGGCTAATAGTACAGAGTCAGATAATAAACTAATCACACTCCAATGC,ACAAATAATAGTTCTAACGAGACCTTCAGACCT
EU853126,TGCACTAAATGGCAGAATATAAATGCTACCACAAATAGCACTGGGGACATAGGAATGAAAAAC,TGTTCTTTCAATATAGCCACGGAAGTAAAAGGCAAGAAGAAGACAGTAAATGCACTTTTTTATAACCTTGATGTTGTACAAATAGATAATGATAATACCAGCTATAGATTAATAAGTTGT,TGCACAAGGCCCTTCAACAATACAAGACAAGGTGTACATATAGGACCAGGGATAGCACTCTATACAGAAATGATAGGAGATATAAGACAAGCACATTGC,TGCAATACATCAGGACTGTTTACTAGTAATAGTACAAGACTGTTGAATAGTAATGATACATCAAATATCACAATCCAATGC,AAGAAGAGTGGGCCGAATGAGACCTTCAGACCT
JX202955,TGCATTGAATGGAAGAATAACAATAGCAAAAGCAATGTCACTAATGAGGAGATAGGAATGAAAAAC,TGCTCTTTCAATATAACCACAGAAGTGAGAGATAAGAAGAAGCAAGTATATGCACTTTTTTATAAACTTGATGTGGTACAAATGGATACTAATACCAGCTATAGATTAATAAATTGT,TGCATAAGGCCCTACAACAATACAAGACAAGGTATACATATAGGACCAGGGCAAGCACTCTATACAACAGATATAATAGGAGATATAAGACGAGCACATTGT,TGTGATACATCAGAACTATTTAATAAGACATCAAACAGTACAGGGGGACCTAGGGATACAATTACACTCCCATGC,ACAAATAATAGTAAGGAGGAGACTTTCAGACCT
AY371155,TGCACTGATGCTAAAGTGAGCAGCACTGAGACTGAATTGAACAACAGCAGCACTGGAGAGATGAAAAAT,TGCTCTTTTAATATAACCACAGAATTAAGGGATAAGAAAAAGCAAGAATATGCACTTTTTTATAAACTTGATATAGTAGAAATAGATAAGAAGGATAATAGTACTGATAATAGTACTGATGGAACTTATAGGTTAATAAATTGT,TGTATAAGGCCTGGTAACAATACAAGAAAAAGTATACATTTCGGACCAGGGCAGGCACTCTATGCAAATGATATAATAGGAGACATAAGAAAAGCTCATTGT,TGTAATACATCAAAACTGTTTAATAGAACATGGAGTATTGGTACATGGGAGGATAGTACAGGGAATGATAATAATACTGCATTAAATGATACAATAACCCTCCCATGT,AATAATAATTCTGGTAATAATTCTGGAAATTCTACAGAGATCTTCAGGCCT
HM215267,TGCATTGACTTGAATAGCAATGCAAATGCCCATACAACTGTAAGTACCACTGTAGCTGCCACTGCAGAAGAGAAAATGGAAGTAAAAAAC,TGCTCTTTCAATATAACCACAGAAGTAAGAGATAAGAAGAAGCAAGTACATGCACTTTTCTATAGACCTGATGTAGTACCAATGGATGGTAATAGCTATAGATTAATAAATTGT,TGCATAAGGCCCTCCAACAATACAAGACAAAGCATGCATATAGGACCAGGGCAAGCAATCTATACAACAAAAATAATAGGAAATATAAGACAAGCACATTGT,TGCAATACATCAGGACTGTTTAATAGTAAATGGGGGAATGATACAGATACAGGTAATAATAGTACAAGTGACAAACCAATCACACTCCAGTGC,ATTGGTGGTAATGAGAATGAGACCTTCAGGCCG
AF484489,TGCACTGAATGGAAGAATGCAACTGCAACTGCCCTTAATAGAACTGAGGAAATAGGAATGAAAAAC,TGCTCTTTCAATATAACCACAGAAGTTAGAGATAGGAAGAAGCAAGTATATGCACTTTTTTATAAACTTGATGTGGTACAATTAGATGGTGATAATAGTACTAATACCAACTATACCAGCTATAGGTTAATAAACTGT,TGCACAAGGCCCTACAAAACTATGAGACAAAGTACACCTATAGGAATAGGGCAAGTATACTACACAAAACAAATAGTAGGAAATATAAAACAAGCATATTGT,TGCAATACATCAAGACTGTTTAATGGTACTTATGATACTTATGATACATCGAATGGTACAGGGAGTGAAAATATCACACTCCAATGC,GTAAAAAATAGTACTAATGAGACCTTCAGACCT
EU853086,TGCACTGACTGGATAGAGGACCCCAAAAACCCTAATGCCACCCTAAACCTTAATATCACTAAGGAAATAGGACTGAAAAAC,TGCTCTTTCAATATGACCACAGAAGTAAGAGATAAGAAGAAGAAAGTAACGGCACTTTTTTATAAAATTGATGTGGTACAAATGAATGATACTAGTAATAATAATACTGGGAAGTATACCAGCTATAGATTAATAAATTGT,TGCACAAGGCCCTTCAACAATACAAGAAGAGGTGTACATATAGGACCAGGGAGTGCATACTTTACAGAAAAAATAGTAGGAGATATAAGACAAGCACATTGT,TGCAATACCTCACAACTGTTTAATAGGACATTTAATACATCACAACTGTTTAATTATACAGATAATGAAAATGATAATGAAAATGATACAATCACACTCCCATGC,ATACATAATGAGAGTAATCCGAATGAGACCTTCAGACCT
AY773340,TGCACTAATGCCATCTTACATAATGTCACCTCAAACAGCATTGTGGAGCCAAAACTGGAGGTGAAAAAC,TGCTCTTTCAGGAAAACTACAGAAGGAAGAGAGAAGAAAAAGAAAGCAAATGCGCTTTTTTATAGACCTGATATACTACCAACAAACAATGATAATAGTAGTACTAATTATACCAAGTATAGGTTATTATATTGT,TGTACAAGGCCCTACCAATATGCAAGACAAAAGACATCAAGAGGACAAGGGCAAACACTCTATACAAGCAAGAAGATTATTGGAGACATAAGACAAGCATATTGT,TGTAATACATCAAGGCTGTTTAGTAATACATGGATGGTACATGGGATAATAATACATGGTTCAAATCAGACAGTCAGACTCCCATGC,AATAATAGTTCTAACAACGAGACCTTCAGACCT
AF484515,TGCACTGAATGGAAAGATGCAAAGGCCACTAATGATACAGGAGTGCAAAATGATACAGGAGTGCAAAAC,TGCTCTTTCAAGGTAACCACAGAACTAAAAGATAAGAAGACGCAAGTGCATGCACTTTTTTATAGGCTTGATGTAGTACAAATAGGTAATGATAATACTAGCTATAGATTAATAAATTGT,TGCACAAGGCCCTACAACAATACAAGACAAGGTACACATATAGGACCAGGGCGAACACTCTTCACAACAAGGATAATAGGAAATATAAGAAAGGCATATTGT,TGCAATACATCAGGACTGTTTAATAGTGAATGGAATGATACTACATGGAACGATAATAGTACAAGGACAGATGAGACAATCAAACTCCAGTGC,GCAGATGAGAATAAGACTGAGACCTTCAGACCT
M27323,TGCACTGATGAATTGAGGAACAGCAAGGGCAATGGGAAGGTAGAAGAGGAGGAAAAAAGGAAAAAC,TGCTCTTTCAATGTAAGGGATAAGAGGGAGCAAGTATATGCACTTTTTTATAAACTTGATATAGTGCCAATAGACAATAATAATAGGACCAATAGTACTAATTATAGGTTAATAAATTGT,TGTACAAGGCCCTACAAATATACAAGGCAAAGGACATCGATAGGACTAAGGCAATCACTCTATACAATAACAGGAAAAAAGAAGAAAACAGGATACATAGGACAAGCACATTGT,TGTAATACATCAAGACTGTTTAATAGTACATGGAATCAGACTAATAGTACAGGGTTCAATAATGGCACAGTCACACTCCCATGC,GCAAATAATAGTTCTCATGAGACCATCAGACCT
KF986041,TGCACTGAATGGAAGAACGAAACCGCTAGTGAGGAAACAGGAATGAAAAAC,TGTTCTTTCAATATAACCACAGAAATGAGAGATAAGAAGAAGCAAGTACATGCACTTTTTTATAAACTTGATGTGGTACAAATAGGTGATAACAATAGTAATACCAGCTATAGATTGATAAATTGT,TGCACAAGGCCCAACAATAATACAAGACAAAGTACACGTATAGGACCAGGGCAAACACTCTTTACAACAATAGTAATAGGAGATATAAGGCAAGCACATTGT,TGCAATACATCAGGATTGTTCAATATATCAGGAGGAAATGAGACTATAACCCTTCCATGC,GCAAACAATACTAGTCAAAGTGAGACCTTCAGACCT
KY392769,TGCACTGATGTACAATGCAATAACACAACATGCAATAGTACAGGAAATGACAAGGGAGCGCAAGAAATGAAAAAC,TGCACTTTCAATGTAACAACAGTAGTAAGCGACAAGAAGAAGAAGGTACAGGCACTTTTTTATAGACTTGATATAGTAGAAATAGATCCAGGGAATAGTAATAGTACAGGGTATAGATTAATAAATTGT,TGCATAAGGCCTAACAACAATACAAGAAAAGGTATACATATGGGACCAGGGCGAGCATTTTATGCACACTCAAGCATAATAGGAGATATAAGACAAGCACATTGT,TGCAATACAACAGACCTGTTTAAAAGAACATGGAATGGTACACTGAATAATAGTACAGGGTCAGAGAATATCACTCTCCAATGT,AACAATAGTAGCACCAACGAGACCCTCAGACCT
U65075,TGTACTAATATTATTAATGGCACTAGTGCTAATAATGGCACTAATACTAATGGGAGTGTCACTGAAGACCCAGGAATGAAAAAC,TGCTCTTTCAATATAACCACAGAAATAAGAGATAAGAAGAAGCAAGTACATGCACTTTTTTATAAACTTGATATAATGCCAATAGGTGGTAATAATAGTACTAGTAGCAGCTATAGATTAATAAATTGT,TGCACAAGGCCCTACATCAAGTATAGACAAAAGACATCTATAGGACAAGGGCAAGCACTCTATACAACAAGACTAGAACCAAAACCAACAGGAAAGATAGAACCAGCATATTGC,TGCAATACATCAGAACTGTTTAATATAACAAATAGTACAGGGGTAAATGAGAGTAGTATAATCAGACTCCCATGC,GCAAATAGTAGTGATGAGACCTTCAGACCT
AF338704,TGCATTGAATGGCGGAATGCCACGAATAATGCCACGAATAATGCCACTCAGGGCCTAGAAATGAAAAAC,TGCTCTTTCAATATAACCACAGAGCTAATAGATAAGAAGCAACAAGTAGAGGCACTTTTTTATAAACTTGATGTGGTACAAATAGATAATAGTACTAATAGTACTAACTATAGATTAATAAATTGT,TGC?CAAGGCCCTACA?CAATACAAGAAAAGGTATACATATAGGACCAGGGCGAGCATACTATACAAC?AACATAGTAGGAAATATAAGACAAGCACATTGT,TGCAATACATCAGGACTGTTTAATAGTGAATGGGGGAAAAATAATACATCAAATAGTACAGGGAATAATGAAACTATCACACTCCAATGC,GCAAATAGTAGTCATAATGAGACCTTCAGACCT
AF484513,TGCATTGATTGGAATAATGTCACTGTTGTGAACGCGAGCAAGGAAATAGGAATGAAAAAC,TGCTCTTTCAATATAACCACAGAAGTAAGAGATAAGAAGAAGCAAGTACACGCGCTTTTTTACAAACTTGATGTGGTACAAATAGATGATGAGAATGGTAATAGGACCCAGAATAGTAATGGGACCAGCTATAGATTAATAAATTGT,TGCACAAGGCCCTACAATAATACAAGACAAGGTATACATATAGGACCAGGACGAGCACTCTATACAACAGACATAGTAGGAGATATAAGACAAGCACATTGT,TGCAATACATCAGAACTGTTTAATAGTACATGGGGGAATTCTAGTACATCAACTAGTACAGGGGTAAATAAGAGTACAATCACTATCCCATGC,GCAACTAATAATAGTCAGAATGAGACCTTCAGACCT
HM215270,TGCACTGAAGAGAAGAATAAGAATCTAACGAAAGTAGCAATGACAAAC,TGCACTTTCAATATAACCACAGAAATAAGAGATAGGAAGAAGCAAGTATATGCACTTTTTTATAAACTTGATGTGGTACCAATAAATGATAATAATAGTACTAATACCAGCTATAGATTAATAAATTGT,TGCACAAGGCCATACAACAATACAAAGAACAGTATACATATGGGACCAGGGCAAGCACTCTTTACAACAAGAATAACAGGAGATATAAGACAAGCATATTGT,TGCAATACATCACAACTGTTTAATGATAGTAAATGGAAAAATTATACTGGAAATGAGAGTGTAATCAACCTACCATGC,ATAAATAGTAATACGAGTAGTTCTGAGACCTTCAGACCT
KU921810,TGCACGGACTGGGGAAATGACACTGCTGCCAATGCCACTAGTGACTCCATAGGAATGAAGAAC,TGCTCTTTCAATATAACCACAGAAATAAGAGATAGGAAGAAGCAAGTATATGCACTTTTTTATAAGCCTGATGTGGTACAAATAGATGGAAAGAATAATGCTAATACTAGTTATATATTAATAAATTGT,TGTACCAGAACTGGTAACAATACAAGGAAAAGTATACGTATAGGACCGGGGCAAGCATTCTATGCAACAGATGGCATAATAGGGGAGATAAGGAAGGCACACTGT,TGTAATACATCAAACTTGTTTAATAGTATTTGGAGCCCTAATATCACTAGGGACACCAACAGCACGCCAATTATAACTCTCCAGTGC,GGTGTAAACAATAGTCAGAATGAGACCTTCAGACCT
AY494966,TGCACTGACTGGGTCACTAATACCACCAATACTATGACAAAC,TGCTCTTTCAATATAACCACAGAAATAAGAGATAAGAAGAAGCAAGTACAGGCACTTTTTTATAAACTTGATGTGGTAAAAATAAATGATACTGATAGTAATGACACCAGCTATAGATTAATAAATTGT,TGCATAAGGCCCTATAACAATACAAGACAAAGTACACGTATAGGACCAGGGCAAGCACTCTTTACAACAAAAGTAATAGGAGATATAAGACAAGCACATTGT,TGCAATACAACAAGACTGTTTAATAGTACATGGAAAAGGAATAATAGTGAATGGAGGAGTGATAATACACCAGATGAGACAATCACACTCCAATGC,GCAATTAATAGTAGCCAGAATGAGACCTTCAGACCT
EU852990,TGCACTGAAGTGACTAACAATACCACTAGCAATGCCACTGATGGGGACATGAGAAAC,TGTACCTTCAACATAACCACAGAACTACAAGATAAGAAGAAGAAAGTACATGCACTCTTTTATAAACTTGATCTGGTACAAATAGATGATAATAGTACTAATAATATTAGCTATAGATTAATAAGTTGT,TGCACAAGGCCCAACAACAACACAAGACAAAGTACACACATAGGACCAGGGCAAGCACTCTATACAACAAAAATAATAGGAGATATAAGAAAAGCATATTGT,TGCAATACATCAGGACTGTTTAACAATACGTTTAACAATAGTACATGGGAGAGTAATACTACATTAAATAATGCAGGGAATAATACAGAGAATATCACACTCCCATGC,ATAAATAATAGTCAGAATGAGACCTTTAGACCT
AF484518,TGCACTGAATGGAGGAAGAATAACACTATCAATGCCACCGAAATAGAAATGAAAAAC,TGCTCTTTCAATATAACCACAGAACTAAGAGATAGGAAAAAGCAAGTACATGCACTTTTTTATAAACTTGATGTGGTACCAATAGATGATAATAATAGTACTAATACCAGCTATAGGTTAATAAATTGT,TGCACAAGGCCCTACAACAATACAAGAAAAGGTGTACATATAGGACCAGGGCAAGCATACTATACAACAAAGATAATAGGAGATATAAGACAAGCACATTGC,TGCAATACAACAGTACTGTTTAATAGCACATGGGAAAATAATAGTACATGGGGTAATGAGAGTGCAATGGGTAATGTCACACTCCCATGC,GGAAATGAAAGTAGTCAGAATGAGACCTTCAGACCT
U88822,TGCACTGATGCATCGAGAAACAGCACTGATAATAACAGCACACTGCCAACGGTGAAGCCAGGAGAAATGAAAAAC,TGCTCTTTCAATATAACCACAGTAGTAACGGATAAGAGGAAGCAAGTACATGCACTTTTTTATAGACTTGATGTAGTACAAATAGATAATGAGGGTAAAAATGAAATCAATGATACTTATGGTACTTATAGGTTAATAAATTGT,TGTACAAGGCCCTACAAAAAGGAAAGACAAAGGACACCTATAGGACAAGGGCAAGCGCTCTATACAACAAGGTATACAACAAGGATAATAGGACAAGCATATTGT,TGCAATACATCAGGACTGTTTAATAGTGCATGGAATATATCAGGACATAGTACAGGGTTAAATGATACAATCATAACCATCCCATGC,GCTAATAATACTCAGAATGACACCTTTAGACCT
JQ403079,TGCACTGATGCCACCGCTAATGCCACTACCACTACTGCTAACCCTACTACCACTAGTAAGGACATAGGAATGAAAAAC,TGCTCTTTTAATGTAACCACAGAAATAAGAGATAAGAAGCAGCAAGTGCAGGCACTTTTTTATAAACTTGATGTGGTACCGATAAATGGTAGTATTAGCAATACTAGCTATAGATTAATACATTGT,TGCACAAGGCCCTATAAATATATAGGAGTACAAAAGACATCCATAGGAACAGGACAAGTACTCCATACAGCAAAAAAAGCAGAAGGAATTGGAAGACAGCCATATTGT,TGCAATACATCAGGACTGTTTAATAATATATGGAATGGCACTTGGAATGGCACTTTAAATAGTACAGGGAGAGAGAATATCACACTCCGATGC,GCTAATGAGAGTCAGAATAATAATGAGACCTTCAGACCT
KF716476,TGCACTGAATGGAAGGATAATAGCACGAACAGTAATAGCACAAACAGTACAAGTATAAAAGATGAAAGTAAGGAAATAGGAATGAAAAAC,TGCTCTTTCAACATAACCACAGAGATAAGAGATAGGAAAAAGAAATTCTATGCACTTTTTTATAAGCTTGATGTGGTACAAATAGATGGTAGTAATAGTACTGATAATACGAGCTATAGATTAATAAATTGT,TGCACAAGGCCCTACAATAATACAAGAAAGAGTGTACACATGGGACCAGGGCGAGCATTCTTTACAACAAACATAGTAGGGTCCATAAGACAGGCACATTGT,TGCAATACATCAAAATTGTTTACAACAAATATAACAAGTAACACTAGTGAAGGGAACATCACACTCCCATGC,GGCTCAAATAACATTAATGAGACCTTCAGACCT
EU281995,TG?ACTGAA???ACTAATGCAACTATGGTAGGAATGAGAAAC,TGCTCTTTCAATATAACCACAGAGGTAAGAGATAGGAAGAAACAAGTAAGTGCACTTTTTTATAAACTTGATGTGGTACAAATAAATGATAAGGATAGTAGGAATAATACCAGTTATAGATTGATAAATTGT,TGCACAAGGCCCTACTCCAATAAAAGACAAGGTATTCATATAGGACCAGGGCGAGCATACTATACATCAGAGATAACAGGAAACATAAGACAAGCATATTGT,TGCAATACAGCAGAACTGTTTAATAGTACATGGTTTACTAATAAGACAGAGGTAAATAATAATAGGACAGCGGTAAATATCACATGC,???GATAGTCAGGAGCAT???AATGAGACCTTCAGGCCT
AF484487,TGCACTGAATATAAAAATAATAAGACCACTGGAAATAATGCCACTAATGCCACTAATGCCACTGATCCGGACACAGGAATGAGAAAC,TGCTCTTTCAATGTAACCACAGAAGTAAGAGATAGGCAGAAGAAAGTACATGCACTTTTTTATAAACTTGATGTGGTACAAATAGATAATAATAATAATCTCAGCTATAGATTAATAAATTGT,TGCACAAGGCCCTCCAACAATACAAGACAAAGTATACGTATAGGACCAGGGCTAGCATTCTATACAACAAAAATAATAGGAGATATAAGACAAGCACATTGT,TGTGATACAACAGGACTGTTTAATGGTACAAATAGTACAGGGGGAGATAATGAGACAATCACACTCCAATGC,AACAATGATACGGGGGAGGAGATTTTCAGACCT
KU921814,TGCACGGACTGGGGAAATGGCATTGCTGCCAATGCCACTAGTGGCTCCATAGGAATGAAGAAC,TGCTCTTTCAATATAACCACAGAAATAAGAGATAAGAAGAAGCAAGTATATGCACTTTTTTATAAGCCTGATATAGTACAAATAGATGAAAAGAATAGTAATAATACTAGTTATAGATTAATAAATTGT,TGTACCAGAACTGGCAATAAGACAAGAAAAAGTATACGTATAGGACCAGGGCAAGCATTCTATGCAACAGATGGCATAATAGGGGATATAAGAGAAGCACACTGT,TGTAATACATCAAACTTGTTTAATTGGGGCCCTAATAGCACTGGGGTCACCAACAGCACACAACCTATAACTCTCCAATGC,GGTGCAAACAATAGTAGTCAGAATGAGACCTTCAGACCT
KJ787684,TGCACTGATTTGAAGAATGATACTAATACCAATAGTAGTAGCGGGAGAATGATAATGGAGAAAGAAGAGGTGAGAAAC,TGCTCTTTCAATATAACTACAGTGATAGAAGATAAGAAAGAAAAAGTATATGCTCTTTTTTATAAACCTGATATAGTACAAATGGACAATACCACTTATAGGTTAATAAATTGT,TGTACAAGACCCTACAACAATAGAAGACAAAAGACATCAATAGGACAAGGGCAAGCACTCTATACAAGCCAGAAGATAACAGGAGACGTAAAACAAGCATATTGT,TGTAATACATCAGGACTGTTTAATAATACATGGAATGTTACTGCAAAGGAATGGGAGAATAACAGTACATGGAATCAGACAAATGTAGTCAAAATCCCATGC,AAGAATAGCTCTACTGAGATCTTCAGACCT
KF986114,TGCACTGAGGTGAAGACTAACAGTACTACTAATACCACTATTACTCCCAATGTCACTAATCAGGAAGTAATGACAAAC,TGCTCTTTCAATATGACCACAGAGCTAAGAGATAAGAAAAAGCAAGTATACGCACTTTTTTATAAACTTGATGTGGTGAAAATAGATAATAGCACCAATTATAGATTAATAAATTGT,TGCACAAGGCCCAACAACAATACAAGAAAAAGTATACGTATAGGACCAGGACAGACATTCTATGCAACAGGTGACATAATAGGAGATATAAGACAAGCACATTGT,TGTAACACATCAAAACTGTTTAACAGTACATGGAGTACATGGAATAGTACTACATGGAATAGTAGTAGTACACCCAATGAGACAGAGAATATTACACTCCAGTGC,ACAAATAATACTAATAATGAGACCTTCAGACCT
AF484481,TGCACTGAATGGAAGGGAAATGCCACTAATGGAAATACCACTAAGATGAATGAGACCACTCAAGAGGACACAGGAGTGAAATAC,TGCTCTTTCAATGTAACCACAGAACTAAGAGATAGGAAGAAGAGAGTACATGCACTTTTTTATAAACTTGATGTAGTACCAATAGATGACAGTAATATCAGCTATAGATTAATAAATTGT,TGCACAAGGCCCAACAACAATACCAGAAAAAGTACACGTATAGGACCAGGAGCTTCTCTCTATACAACAGATATAATAGGAGATATAAGACAAGCACACTGT,TGCAACACATCAGGACTGTTTAATAGTACATGGGGAAAAGATACAAATAGTACAAGGGTAGAGAATAATAGTACAATCACACTCCGATGC,GTAAAGAATAATAGTGAGGAGACCGTCAGACCT
AF484499,TGTACTGACTACCAGAATGTCACAAATATCATTAATGGGGAGATCGAAATGAAAAAT,TGCTCTTTCAATACAACCACAGAAATAAGAGATAGGAAGCAGCAAGTACATGCACTTTTTTATAAACTTGATGTGGTAGAATTAGATAATAGTACCAATAGTACCACCTATAGGTTAATAAATTGT,TGCACAAGGCCCTACAACAATACAAGACAAGGTATACATATAGGACCAGGGCAAGCATTCTATGCAACAAGAATAGTAGGAGATATCAGACAAGCACATTGT,TGCAATACATCAAAGCTGTTTAATAGTACATGGACAGGGGGTGGAAATATCACAAATATCACAAGTATCACAAATATCACACTCCCATGC,GCAACTAATGATAGTCAGAGTGAGACCTTTAGACCT
HM215327,TGTTCTGAGATGAAAAATGGCACTAGGGGAGCAAGCAATAGTACTGGGACAAACAATGGCACTATAAGTAGCACTGATAGAATGAAC,TGCTCTTTCAATGCAACCACAGTAGTAAATGACAAGCAGAAGAAAGTACACGCACTTTTCTATAGACTTGATATAGAACCAATAGGTAACAATAGTACTGAGTATATGTTAATAAATTGT,TGTACAAGGCCCTACAACAATACAAGACAAAGGATACATATAGGACCAGGGCAAGCAATCTGGACAAACGATGCAAGAGTAATAGTAGGGGACATAAGACAAGCACATTGT,TGTAATACATCAGGACTGTTCAATAGTACATGGGATATTATGAATACTAGTAGCCCAAACAACACAGATCCAATTATCACACTACAATGC,GCAGATAATAGCAGTCATAATGAGACCTTCAGACCT
EU852974,TGTACTGAAGCGGGGAATGAAACTAGTACTAATGTCACTACTGGGAACACAGAAATGAAAAAC,TGCTCTTTCAATGTAACCACAGAAGTAAGAGATAAGAAAAAGCAAGTATATGCACTTTTTTATAAACTTGATGTGGTACAAATGAATGATAATAGTAGCTATAGATTAATAAATTGT,TGCATAAGGCCCAACAACAATACAAGACAAAGTATACACATAGGACCAGGACAAGCATTATATACAACAGGGGTAATAGGAGATATAAGACAAGCACACTGT,TGCAATACATCAGGACTGTTTACATCAAATATTACATCAAATATTACAGGGGGAAATGAGACAATCACACTCCCATGT,GCAAATACTCAAAATGAGACCTTCAGACCT
EU853078,TGCACTGACTGGACAGGTACAAACCCTAATACCACTGAGATCACTAATTCCACCATAAACATAAACCCTAACATCACTAAAGAAATGGGAGTGAAAGAA,TGCTCTTTCAATATGACCACAGAAGTAAGAGATAAGAAGAAGAAAGTAACGGCACTTTTTTATAAATTTGATGTGGTACAAATGAATAATGATACTGGGAATTATACCAACTATAGATTAATAAATTGT,TGCACAAGGCCCTTCAACAATACAAGACAAGGTGTACATATAGGACCAGGGAGTGCATACTTTACAGAAAAAATAGTAGGAAATATAAGACAAGCACATTGT,TGCAATACATCACAACTGTTTAATGGGACATTTAATACTACATTAAATAGTACAGAGAAAAGAGGGATATCAAATGATAACATCACACTCCCGTGC,ATACATAATGAGAGTTGTCGGAATGAGACCTTCAGACCT
HM068556,TGCACTACATGGGTGCCTAATAATGCCACTAATAATAATACCATTGGGGATGAAATAGGAGTAAAAAAC,TGCTCTTTCAACATAACCACAGAAATAAAAGATAAGAGAACGAAAATGCATGCACTTTTTTATAAGCTTGATGTGGTAAAAATAGATGAGAGTAGTAATAGTACCAACTATACCAGCTATAGATTAATAAATTGT,TGCACAAGACCTTACAACAACACAAGACAAGGTGTACATACGGGACCAGGGCGAGCACTCTTTACAGAAAACATAATAGGAGACATAAGACAGGCACATTGT,TGTAATACATCAGGACTGTTTAATAGTACATGGAACAATACCGCATCAAATAATACAAGGGTAAATAATGAAACAATCACAATCCCATGC,TCTAATAATGATAGTGAGAGTAGTGAGACCTTCAGACCT
KF716480,TGCACTGAGTGGGAGCCAAATGCCACTAATGCCAATAATGCCACTATTGCCCATAATGTCACTGAGAAAATAATGACAAAT,TGCTCTTTCAAGGTAACCACAGAAATAAATGATAAGAAGAAGAAAGTACATGCACTTTTTTACAAACTTGATGTAGTAAAAATAGATGATAATGATACTAGTGCCTATAGATTAATAAATTGT,TGCATAAGGCCCTACAATAATACAAGGAAAAGTATAAATATGGGACCAGGGCGAGCATTCTATACAAACGACATAATAGGAGATATAAGACAAGCACATTGT,TGCAATACATCAGAACTGTTTAATAGTATATGGCTTAATAATACTGGTAACTGGACAGGGAATACAACAAACAGTACAGAGAAAAATAATGGTACAATCACACTTCCATGC,AATAATAATGCTACCAATGAGACCTTCAGACCT
AY905597,TGTATTAAATGGGAGAATAAAAATGTCACTAATGACACTACTGTCACTGATGAGGACTGGGGAATGAAAAAC,TGCTCTTTCAATATAACCACAGAAGTAAGAGATAAGAAGAAGCAAGTACATGCATTTTTTTATAACCTTGATGTGGTACAAATAGATGATAAGGATAATACCAGCTATAGATTAATACATTGT,TGCACAAGGCCCAACAACAATACAAGACGAAGTGTACATCTGGGACCAGGGCAAGCAATATATACAACAAATATAATAGGAGATATAAGACAAGCACATTGT,TGCAATACATCAGGACTGTTTAATAGTGAATGGGGGAATTATACTACATCAAATAGTACAGGGGTAAATGAGAGTACAATCACACTCCCATGC,GCAAAAAATAATAGTCAGAATGAGACCTTCAGACCT
JX202976,TGCAGTGTCACTAATGAAACTGAGGCAACAGAAATGAGAAAC,TGCTCTTTCAATATAACCACAGAAATAAAAGATAAGAAACAGAAAATGCATGCACTTTTTTACAAACTTGATGTGGTACAAATAGGTGATAGTAATGCCAGCTACTATAGATTAATAAATTGT,TGCACAAGGCCCTCCAACAATACAAGACAAAGTATACATCTAGGACCAGGGCGAGCATACTTTACAACAGCAGAAATAACAGGAAATATAAGACAAGCACATTGT,TGTAATACATCAAAATTGTTTAATAGTGAATGGGGGAATAATAATACATTAGATAGAACAGGGGAAAATGGGAGTACAATCACACTCCCATGC,GTAAATAATAATAGTCAGAATGAGACCTTTAGACCG
KJ787683,TGCACTAGTGCCAATTTGAATTGCACTAACGCCACTGATACCAGCTTAAACTGCACTAGTACCAATTTAACTGGCAATGCCACTGCGGATCCAAGACTGGAGGTGCAAAACGAGGTGCAAAAC,TGCTCTTTCAATATAACTACAGTAATAAGAGATAGGAAAAAGCAAGTATATGCGCTTTTTTATAAACCTGATATAGTACCATTAGAAAATAGCAGTACTAGTTATAGGTTAATAAATTGC,TGTACCAGGCCCTACAACAATACAAGACAAAATACACAAATAGGACCAGGGCAAACATTCTATACAAGCAAGAGGATAATAGGAGACATAAGACAAGCATATTGT,TGTAATACATCAAAACTGTTTAATAGCACATGGAAGAATATTAATAGCACATGGAATAATAGTAAATGGGGTAATAGTACTAATAATAGTAATAGTACAATCCAACTCCCATGC,GGGATTTCTAAGGATAATGAGACTGTCAGACCT
FJ866139,TGCACTGAATGGGAAAATACAAATAGAACTAACAACAACGTCACTAATGAGGAAATAGGAATGAAAAAC,TGCTCTTTCAATACAACCACAGAAGTAAGAGATAGGAAGCAGCAAGTACATGCACTTTTTTATAAACTTGATGTGGTACCAATGAATGATAATAATAGTACTGATACCAATTATACCAATTATAGACTAATAAATTGT,TGCACAAGGCCCTACAACAATACAAGAAAAGGTACACACATAGGACCAGGGCGAGCATGGTATACAACAGGAATAGTAGGAGATATAAGACAAGCACATTGT,TGCAATACATCAAGACTGTTTAATAGTACATGGGGGGATAATAATACATCAAGTGATACAGGGGAAAGTAACATCACCATCCCATGT,GCAAGGAATAATAATCAGAGTGAGACCTTCAGACCT
KF716479,TGCACTAAATGGACGAGTAACACTACTAGTAACAGTACCGAGGAGGGTTTAGGAGTGAAAAAC,TGCTCGTTCAATGTAACCACAGAAGTAAGAGATAAGAAGAAGCAAGTACAAGCACTTTTTTATAGCCATGATGTAGTACAAATAAGGAATAATACCTATAGATTAATAAGTTGT,TGCACAAGGCCCTACAACAATACAAGACAAAGTACACATATAGGACCAGGGGCAGCAATCTATACAACAAAGACAATAGGAGATATAAGACAGGCACATTGT,TGCAATACATCAGGACTGTTTAATAGTACATGGCAGGAAAATAGTACTCTATTAAATAAAACAAATTATACAGAAGAAAATAAAACAATCACACTCCCATGC,GTTGAAAATAATAGTCAGGAGACTGTCAGACCT
EU853134,TGCACTGAATGGCAGAATATAAATGCTACAACCACAAATGGCACCGGGGACATAGGAATGAAAAAC,TGTTCTTTCAATATAACCACGGAAGTACAAGGCAAGAAGAAGTCAGTAAATGCACTTTTTTATAACCTTGATGTGGTACAAATAGATGATAGTAATAATACCAACTATAGATTAATAAGTTGT,TGCACAAGGCCCTTCAACAATACAAGACAAGGTGTACATATAGGACCAGGGATAGCACTCTATACAGAAATGATAGGAGATATAAGACAAGCACATTGT,TGCAATACATCAGGACTGTTTAATAATAGGAGTATAACAAATAGTACAGGACAGAACATCACAATCCAATGC,AATGAGAGTATGCCGAATGAGACCTTCAGACCT
AF484485,TGCACTGAGTATAATAAAAATGCCACTGATAACAATGCCACTAATGTCGACACAGGAATGAGAAAC,TGCTCTTTCAATGTAACCACAGAAGTAAGAGATAAGAAGAAGCAAGTATATGCACTTTTCTATAAACTTGATGTGGTACAAATAGATGATAATAATAGTACTAATACCAGCTATAGATTAATAAATTGT,TGCACAAGGCCCTACAACAATACAAGAAGAAGTACACGTATAGGACCAGGGCAAGCATTATATACAACAGGAGAAATAATAGGACAAATAAGACAAGCACATTGT,TGCAATACATCAGAATTGTTTAATAATAGTGTATGGACATCAAATAATACAGGGATGTCAAATAGTACAAAGGCAAATATCACACTCCCGTGC,GCAAATAATAATAGTCAGAATGAGACCTTCAGACCT
AF484477,TGCACTACATATTGGAATG?AACTTTACAGGGGAATGAAACTAAAGGGAAGAATAGAAGTGACATAATGACA,TGCTCTTTCAATATAACCACAGAAATAAGAGATAGAAAGAAGCAAGAAACTGCACTTTTTTATAAACTTGATGTGGTACCACTAGAGGATAAGGATAGTAATAAGACTACCAA?TATAGCAGCTATAGATTAATAAATTGC,TGCATAAGGCCCAACAACAATACAAGAAAAAGTATACGCATAGGACCAGGGCAAGCACTCTATACAACAGACATAATAGGGAATATAAGACAAGCACATTGT,TGCAATACATCAGGACTATTTAATGGGAGTCTGCTTAATGAGCAGTTTAATGAGACATCAAATGATACT?TCACACTCCAATGC,AATACTGGTAATGATTCAGAGATCTTCAGACCT
AF391548,TGCACTGAATATAAGGCCCCTAATGCCACTATTAATGCCACTGATAGGGACATAGGAATGAAAAAC,TGCTCTTTCAATGTAACCACAGAAGTAATAAATAAGAAGAAGCAAGAACATGCACTTTTTTATAAACTTGATGTGGTACAAATGGATGATAATAGTACTAATACCAACTATAGATTAATAAATTGT,TGCTCAAGGCCCTACGAAAATAAAAGACGACGTACACCTATAGGACTAGGGCAAGCGTACTATACAACAAAATTAAAAGGATATATAAGACCAGCACATTGT,TGCGATACATCAAGACTGTTTAATAGGACTTATAATACATCAGGTAGTACAGGGGTAAATAACAGTACAATCAAACTCCCATGC,AATAATACTAGGCAGAATGAAGCCTTCAGGCCT
KF986021,TGTATTGAATGGAAGAATAACAGTACAAATGTCACTAATGATGGGAATAACAGCACAAATGCCCCTGATGACATAGGAATGAAAAAC,TGCTCTTTCAATATAACTACAGAAGTAAGAGATAAGAAGAAGCAAGTATATGCACTGTTTTATAAACTTGATGTGGTACAAATAGATGATAATAGTAATACCAGCTATAGATTAATAAATTGT,TGTACCAGGCCTAACAATAATACAAGAAAGAGTGTACGTATAGGACCAGGACAAGCATTCTATGCAACAGGTGAAATAATAGGGGACATAAGACAAGCATATTGT,TGTAATACATCAAAACTGTTTAATAATAGTATAAGGAGGAATGATACTACATCAAATAGTACAGAACCTATAACACTCCCATGC,GATACTGATAATCAGAGCCAGAGCGAGACCTTCAGACCT
AY322189,TGCACTGATGCGAATGCCACTAATGTCACTACTACAGATGCTGCTGCTGATGTTACCGATAGTGACATTGGCACGAAG,ACCAGCTGTTCTACTGATGCCGCCACAGAAGGGAATAAGAGGGAGCCAGGAGTTGCACCTCTTTCTGATCTTGTTGCGGCGCCACTGGTTAATGGTAATAATAATACTGCTGCCTTTTGTTTAATAAATGGT,TGCACAAGGCCCAACAACAATACAAGAAAAAGTGTACATATAGGACCAGGACGAGCACTCTATACAATAGAATTAGTAGGAGATATAAGACAAGCACATTGT,TGCAACACATCAAACCTGTTTAATAGCATTTGGAATGTTACTAATGGTACTAGCCAGCTGGAGTCAAATAGCACAGAGTTAGCCGGAAATATAACTCTCCCATGC,GCAGATAATAGTAGTCAGAATGAGACCTTCAGACCA
AY253311,TGCTCTGACGCGAACACGACTAACAGTGGGAATGGGACTAACACGACTGATCCTCGCCTTATTGAAAAAGGAGAGATGAAAAAC,TGCTCTTTCAATATAACCACAGAAATAAGAGATAAGAGAAAGCAAGTACAAGCACTTTTTTATAAACTTGATGTGGTACCAATAGATAAAAAGAATAATAATAGTTATACATTAATGCATTGC,TGTACAAGGCCTAATAACAATACAAGAAAAGGTATACGTATAGGACCAGGGCAAACATTCTTTACAGCAGAGGTAACAGGAGATATAAGAAAAGCATATTGT,TGCAATACATCACTCCTGTTTAATACTACATGGATTAAGGGTACACAAAATAATACAGAGACAAATAATAGTACAATCACAATCCCATGC,AATGTAAATAATAGTAGAGAGGAGATCTTCAGACCT
DQ138978,ATGAAAAAC,TGCTCTTTCAATGTAACTACAGTAGTAAGAGATAAGACAAAGCAAGTATATGCGCTTTTTTATAGACCTGATATAGTACAAATGATAGTCAATAATAGAACTAATAATACCTACAGGTTAATAAATTGT,TGTACAAGGCCCTACAAATATACAAGACAAAAGACACCAATAGGACCAGGGCAAGCATTATATACAAGCAGGAGGATAGTAGGAGACATAAGACAAGCACATTGT,TGTAATACATCAGAACTGTTTAATAGTACATGGTATAATGAGACAGGGTTTAATAGTACAACAAATAATGAGACAATCACACTCCCATGC,AATAAGAATAATACTGCTACTAATGAGACCTTCAGACCT
AY669751,TGCATTGAATGGAATGTCACTAGAAATGCCACTGATGGTAATAAAACGAATACCACTAGTGTCAATACTGGTGACATAGGAATGACAAAC,TGCTCTTTCAATATAACCACAGAAGTAAGAGATAAGAAAAAGCAAGTACATGCACTTTTTTATAAACTTGATGTGATACCAATAGATAATAGTAATACTAGTAACAGCTATAGATTAATAAATTGT,TGCATAAGGCCCTACAACAATACAAGACAAAGTATACATATAGGACCAGGACGAGCACTCTATACATCAAACATAGTAGGAGATATAAGACAAGCATATTGT,TGCAATACATCAGGACTGTTTAATAGTACATCAAATAGTACAGGGGGAAATATCACACTCCCATGC,ATAACTAATGATAGTCAGAATGAGACCTTTAGACCT
EU852966,TGTACTGAAGTGGGAAATAAAACTGTTACTAATGTCACTACTGAAGAAATAGAAATGAAAAAC,TGCTCTTTCAATGTAACCACAGAAGTAAGAGATAAGAAAAAGCAAGTATATGCACTTTTTTATAAACTTGATGTGGTACAAATGAATGATAATAGTAGCTATAGATTAATAAATTGT,TGCATAAGGCCCAACAACAATACAAGACAAAGTATACACATAGGACCAGGACAAGCATTATATACAACAGGGGTAATAGGAGATATAAGAAAAGCACACTGT,TGCAATACATCAGGACTGTTTACATCAAATATTACAGGGGTAAATGAGACAATCAAACTCCCATGT,GCAGATACTCAAAATGAGACCTTCAGACCT
AY669750,TGCATTAAATGGGGGAATACTAATGCCACTAATGCCACTAGTGCCAATAATGCCACTGGTGAGAACATAGAAATGAAAAAC,TGCTCTTTTAATATAACCACAGAAATAAGAGATAAGAAGAAACAAGTACATGCACTTTTTTATAAACTTGATGTGGTACCAATAGATAATGAGAATGCCAGCTATAGATTAATAAATTGT,TGCGCAAGGCCCTATAACAATACAAGACAAGGTACACATATAGGACCAGGGCAAGCATACTTTACAACAAACATAGTAGGAGATATAAGACAAGCACATTGT,TGCAATACATCAAAACTGTTTAATACATTTATATTTGATAATGGTGAATGGAAGAACAATTCAGAGATAACTGGGAATAT?ACACTCCCATGT,ATAAATAATGATAATGAGACCTTCAGGCCT
JX658588,TGCACTCAACCGATTGACAACACTAGTCAGATAGAAATGAAAAAC,TGCTCTTTCAATGTAACCACAGAATTAAGGGATAGGAAGAAGCAAGTATCTGCACTTTTTTATAGACTTGATGTGGTACAACTGAATGATAGTACTAATAATGGTACCAGCTATAGATTAATAAATTGT,TGCACAAGACCCTACAACAATACATTACAAAGTATACATATGGGACCCGGGAAAGCAATCTATACAACACAGATAATAGGAAATATAAGACAAGCACATTGT,TGCAATACAACAGAACTGTTCAATAGTACATGGAATAATACGTCAACTAGTACAGGGGGAAATGAAAGTACAATCACACTCCAATGC,GGTAAGAATAAGTCGAATGAGACCTTCAGACCT
AY773338,TGCAATAATAATGTTACCTTAAACAGCACTGGGGCCATCTGCAACAAGACTACGGGCAAAGCCACTGTGGAGTCAGAACTGGAGGTAAAAAAC,TGCTCTTTCAATATAACTACAGTAGTAAGAGATAAGAGAATGCAAGTACGTGCGCTTTTTTATAGACCTGATATAGTATCAATAGACAATGATAATACCAGTTATAGGTTAATAAATTGT,TGTACAAGGCCCTACAAATATACAATACAAAAAACATCAATAGGACAAGGGCAAGCATTACATACAAGCAAGAGGATAATAGGAGACATAAGACAAGCACATTGT,TGTAATACATCAAGGCTGTTTAATAATACATGGAATGGTACAACATGGTCAAATAAGACAGACACCAATGGGACAGTCACACTCCCATGC,TATACCAGTTCTGGCAATGCGACCTTCAGACCT
KF986066,TGCATTGAATATAATGCCAAAAATGCCACTACAAATGCAAATGTCACTAATGCAAATGCCACTAATGAGGGCATAGGAATGAAAAAC,TGCTCTTTCAATATAACCACAGAAGTAAGAGATAAGAAGAAGCAAGTATCTGCACTTTTTTATAAGCTTGATGTAGTACCAATAGGTGATAATAATAGTACTAGCTACAGATTAATAAATTGT,TGCACAAGGCCCAGTAATAATACAAGAAAAGGTATACGCATAGGACCAGGGCAAGCATACTTTACACAAGAAGTAACAGGAGATATAAGACAAGCACATTGT,TGCGATACATCAAGACTGTTTAATAGTACATGGAATGATAATAGTACTACAGGGGGTAATGACAGTACAATCACACTCCCATGC,GTAGATAATCAGAGTAATAGTGAGACCTTCAGACCT
KU865979,TGCACTGATGTCAATGTGACCAAGAGCACAGGGAACAATAGAACTGTCCCTGAATTACAGAGGGAGGAAGAAATAAAAAAC,TGCTCTTTCAATATAACCACAATAATAAAAGATAAGCATAGGAAGGTACAAGCACTTTTTTATAGACTTGATGTAGTACCATTAGATAATGGAAATAGCACTCAGAATAAGAATTATAGATTAATACATTGC,TGTTCAAGGCCAAATAACAATACAAGACAAGGTGTGCCTATGGGACCAGGGAAAGCATTCTTTACAACAAACATAATAGGAGATATAAGACAAGCACATTGT,TGTAATACATCAGGACTGTTTAATAGCACATGGGAAAATGGAACAAATAGTACAGAGTCAGATAATAAGACAATCACACTCCCATGC,GTGAATGTAACTAATACCGATACCTTCAGACCG
JX658600,TGCACTCAACCGATTGGCAACGCTAGTCAGATAGAAATGAAAAAC,TGCTCTTTCAATGTAACCACAGAATTAAGAGATAAGAAGAAGCAAGTATCTGCACTTTTTTATAGACTTGATGTGGTACAACTAAATGATAGTAATGAGGATGATACCAGCTATAGATTAATAAATTGT,TGCACAAGACCCTACAACAATACAGTACAAAGTATACATATGGGACCAGGGAAAGCAATCTATACAACAAGGATAATAGGAAATATAAGACAAGCACATTGT,TGCAATACAACAAAACTGTTCAATAGTACATGGGATAATACATCAACTAGTACAGGGGGAAATGAAAGTACAATCACACTCCAATGC,GGTAATAATAAGACGAATGAGACCTTCAGACCT
AF484505,TGCAATGAATGGGTGTTTAACAATACTAATAATACCAATGGTAGTACCCCTACTATCTCTACTAAAGACATAGGAATGACAAAC,TGTTCTTTCAATATAACCACAGAATTAAAAGATAAGAAGAAGCAAGCATATGCACTTTTTTATAAACTTGATGTAGTACCAATAGATAAGGATGGTAAGGATAGTACTAGCTATAGATTAATAAATTGT,TGCACAAGACCCTCCAACAATACAAGAAAGAGTACACATATAGGACCAGGGCAAGCACTCTTTACAACAACAAATATAATAGGAGATATAAGACAGGCACATTGT,TGCAATACATCAGGACTGTTTAATAATAGTGTATGGATAGATGGTAAATTAAATAGTACAGGGGTAAATGACAGTACAATCACACTCCAATGC,AATGATACTAGACTGAGTGAGACCTTCAGACCT
JF680926,TGCATTGAGAACAAGACTGCATCAATAAAC,TGCACTTTCAATATAACCACAGAAGTAAAAGATAGGAAAAAGCAAGTATGGGCACTTTTTTATAGACTTGATATAGTACAAATGGAAAGTGATAGTAGGAATAATAGTACAAATAACACCAGCTATAGATTAATAAATTGT,TGTACTAGGCCCAACAACAATACAAGAAAAAGTATACGCATAGGACCAGGGCAAGCATTCTATACATCAACTGTAATAGGAGATATAAGACAAGCATATTGT,TGCAATACAACAGGACTGTTTAATAGTAAATGGATAAATGGGACTAAATGGATAAATGGGACTATAGGAGATAATAGTACAGAGGAAAATAATAATACAATCACACTCCCATGC,GGAAATAATACTAGTACTGATGAGACCTTCAGACCT
KF986131,TGCAGTGAATGGAAGGTCAATAGTACTAACAATAGTACTAGCACTGATAGTGGAATGAAAAAC,TGCTCTTTCAATATAATCACAGAAGTAAAAGATAAGAAGAAGAAAGTAGGTGCACTTTTTTATAAATCTGACGTGGTACAAATAGATAATAATAATAGTAGCTATAGATTAATAAATTGT,TGCACAAGGCCCAACAACAATACAAGGAAAAGTATACGCATAGGACCAGGGCAAACATTCTATGCAACAGGAGAAATAACAGGAAACATAAGACAAGCACATTGT,TGCAATACGTCAGGCCTGTTTAATAGTACATGGAACAATAAAACTACATCTAATGACATGGGGGTAAATGGGACAATCACACTCCAATGC,GTAAATTCTAGTAATGAGACCTTCAGACCT
AJ488926,TGCACTGATGTCAGCAACAATGTTACAGTGAGTAACAGCAGCTTAGGAGAGATGAAAAAC,TGCTCTTTCAATATAACCACAGTAGTAAGGGATAAGAAGAAGCAAGAATATGCACTTTTTTATAGACTTGATATAGTAGAAATGGGTGATAATGAGACAAGTGGAACTTATAGATTAATAAATTGT,TGTATAAGGCCCAACAATAATACAAGAAGAAGTGTACATATAGGACCAGGGCAAGCACTCTATACAACAAATGTAATAGGAGATATAAGACAAGCACATTGT,TGCAATACATCAAAACTGTTTGATAGAGAATTTAACATAACAGGGAATAATAGTACTAACAATAGTACAGATGATACAATAACCATCCCATGC,AAAAATGCTTCTAATGAGACCTTCAGACCT
JX203061,TGCACTGATAATGTAAATGTCATAAATGCCACTGGAACTGAAATATCATCCAATAGCACAGGAATGACAAAC,TGCTCTTTCAATATGACTACAGAATTAAAAGATAAGCAAAAGAAAGTAACTTCACTTTTTTATAAACTTGATGTGGTACCAATAGATACAGAAAATAATAATAATAGTAGCTACAATAGCTATAGATTAATAAATTGT,TGCACGAGGCCCAGCAACAATACAAGACAAAGCACACGCATAGGACCAGGGCAAGTGTTCTATAGAACAACAGACATAATAGGAGATATAAGACAAGCACATTGT,TGCAATACATCAAGACTGTTTAATAGCACATGGACAAAAAATAACACATGGGCAAATAATAGTACAATAAATGAGACAGAGGTTATCACACTCCCATGC,AGTCCAAATAATGGGACTAATGACACCTTCAGACCT
HQ385442,TGTAGCGACATCAACAAAACCATAGACAAGGAAGAAGAAATGAAAAAC,TGCTCTTTCAATATAACCACAGTAATAAGAGATAAGACAAAGCAAGTAGATGCACTATTTTATAGACTTGATATAGTACCAATAGATAATAGTACTAGTAATTATAGTAATTATAGACTAATAAATTGT,TGTACAAGGCCCAACAACAATACAAGAACAAGTACACATATAGGACCAGGGCAGGCACTTTATACAACAAGGGTAATAGGAGATATAAGACGAGCATATTGT,TGCGATACAACAGAATTGTTTAATAGTACATGGACAGGGAACAATACACGGGACAACACAGAAGAGGATAGAAATATCACACTTATCACACTTCCATGC,GTCAATAATACTGATAATGAGACCTTCAGACCT
KF986082,TGCACTAAATTGGACAATAATAGCACTGAATTGGAGAATACTACCAATACAACCATCAATGATACTGACATAGGAATGACAAAC,TGCTCTTTCAATATAACCACAGAAATAAGAGATAAGAAGAAACAAGTACATGCACTTTTTTATAAACTTGATGTGGTACAAATAGATAATAGTACTAACTATAGATTAATAAACTGC,TGCACAAGGCCCTACAACAACACAAGACAAGGTATACATATAGGACCAGGGCGAGCATACTGGACAACAAGGATAATAGGAAAGATAAGACAAGCGCATTGT,TGCAATACATCAGGACTGTTTAATAATAATACGCTGAAAAATGGTACGTGGACAGGGGTAAATGGTACGGTAAATGGTACCATCATACTCCCATGT,ATAAATAATACAACTGAAACCTTCAGGCCT
AY669759,TGCACTGATGTGAATAGTACTAATATAACTAGTACTAATGTGAATAATACTAGCATAGAGAAAGGAGAAATGAAAAAC,TGCTCTTTCAATATAAGCACAATAGTAAGAGATAAGCAGAAGGAAATAAATGCAATTTTTTATAGGCTTGATGTGGTACAAATGACTAATAATAGTAATGATTATAGATTAATACATTGC,TGTGCAAGGCCCTTCTATGCTATAGAAAGACAAA?AACACCTATAGGACAAGGGCAAGTACTCTATACAACAAAGAAAATAGGAAGGATAGGACAAGCACATTGT,TGCAATACATCACAACTGTTTAATAGTACATGGGGGAGTAATGATACATCAAATAGTACATATAATAACACAATCAAAATCCCATGC,ATAGGGAAAAATAATAGTCAGAATAATGATACCTTCAGACCT
JX512899,TGTACTGAATGGAAAAATGCCACTACTGGAAATGCCACTACTGGAAATGCCACTGCTGAAAATGCCACTATTGGGGACATAGGACTGAAAAAC,TGTTCTTTCAATATAACCACAGAAGTAAGAGATAAGAAGAAGCAAGTATATGCCCTTTTTTATAAACTTGATATAGTACAAATGGATAATGATAAGGCTAGCACCAGCTATAGATTAATAAATTGT,TGCACAAGGCCCTACAACAATACAAGACAAAGTGTGCATATAGGACCAGGGCGAGCATACTATACAACAAATATAATAGGAGATATAAGACAAGCATATTGT,TGCAATACAACAAGACTGTTCAATAGTACATGGAATACAACTACATCAAATAGTACAGAACAAAATGATACAAGAATACTATTCCCATGC,GCAAGCAATAATAGTCAGACTGAGACCTTCAGACCT
AF484497,TGCACTGAATTGGGGAATGGGACTAAAGGGAATACAACATGGGAGGACATAGGAATGAAAAAC,TGCTCTTTCAATGTAACCACAGAAGTAAGAGATAAGAAGAAACAAGCACATGCACTTTTTTATAAACTTGATATGGTAGAAATGGATGATAAGAGTAATAAGAGTAGTAATACCAACTATACCAGCTATAGATTAATAAATTGT,TGCACAAGGCCCTCCAACAATACAAAACAAAGTACACGTATAGGACCAGGGCAAACATTCTATACAACAGAAATAATAGGAGATATAAGACAAGCACATTGT,TGCAATACATCAGGACTGTTTAATAGTGAATGGACATCGTCTAAAGGTGAATGGACAGGGGTAGAAAAGAATAGTACAAGCAGCAACAACAACCTCCCATGC,GTAAATAATAATAGTCAGGAGACCTTCAGACCT
AF484483,TGTACTGAATGGAGAAATGGCACTACCATTGCCCTAAATGACACTGATCACGTAGAAATGCAAAAC,TGCTCTTTCAATATATCCACAGAAGTAGGAGGTAAAAGGCAGCAAGCACAGGCACTTTTTTATAAACTTGATGTGGTAAAAATAGGTGATACTAATACTAGCTATAGATTAATAAATTGT,TGCACGAGGCCCAACAACAATACAAGAAAAAGTATAAATATAGGACCAGGGCGAGCAATCTATACCACAGAAATAATAGGAGATATAAGACAAGCACATTGT,TGCAATACATCAAAACTGTTTAATAGTACATGGAATAATGGTACATTAGAAAGTAATATCACACTCGGGGAAAATATCACACTCCCATGC,GCAAATAATAATAGTACAAATGAAACCTTCAGACCT
HQ615975,TGTAGAGAATGGGAGAATAACAGTACCACGAATGCCACGACTGGCAATAGTACTGGTAATGATTTAGGAATGAGAAAC,TGCTCTTTCAATATAACCACAGAACTAAGAGATAGGAAGAAAAAGGAATTTGCACTTTTTTATAAACTTGATGTAGTACAAATAGATAATGATACTAGTAGTTATAGATTAATAAATTGT,TGCACAAGGCCCTACAAGAATGTAAGACACCGTGTACATATGGGACCAGGGCGAGCATTCGTTACAAGAAGAATAACAGGAGATATAAGACAAGCACATTGT,TGTAATACAACAAAACTGTTTAATACAAGTGAATCAAATAGGACAGAGGTAAATGGAACAATCACACTCCCATGC,AACAATAAGAGTCAGAATGAGACCTTCAGACCT
EU281998,TGCACTAATGCCACCATT???ATTAATGCCACT??TGAC?TAGGAATGACAAAC,TGCTCTTTCAATATAACCACAGAAGTAAGAGATA?GCAGAAACAAGAATATGCACTTTTTTATAAAC?TGATGTAGTACAAAT?GATAATGATAATAGTAATAGTAGTAGTAAT?CCAACTATAGATTAATAAGTTGT,TGCACAAGGCCCTAC??AAA?GGTACAAGAAAAAGTACACCTATAGGAATAGGGCGAGCATGGTATACAATGAATATAACAGGAAGG??A??ACCGGCACACTGT,TGCAATACATCAGGACTGTTTAATTATACACTGAGTAATAATGGT?C?TGGACAGAGGTAAATAAGAGTACAATCACACTC?AATGC,GCAAATAATCTTAGTAAT???ACTGAGACCTTCAGGCCT
KF986098,TGTGCTGAATTGAACAATACTAGCACTGAATTGGAGAATGCCACTGACATAGGAATGACAAAC,TGCTCTTTCAATATAACCACAGAACTAAGAGATAAGAAGAAACAAGTACATGCACTTTTTTATAAACTTGATGTGGTACAAATAAATAGTACTAACTATAGATTAATAAATTGC,TGCACAAGGCCCTACAACAACACAAGACAAGGTATACATATAGGACCAGGGCGAGCATACTGGACAACAAGGATAACAGGAAAGATAAGACAAGCATATTGT,TGCAATACATCAGGACTGTTTAATAATACACTGGAAAATGGTACCATCACACTCCCATGT,ATAAATAATACAAAAAATGATACCTTCAGGCCT
JX140670,TGCACTGAAACTCACCTGAATAGCACCCAGTCGGTTAACACCACCGACACAGACATGAGAAAC,TGCTCTTTCAATATAACCACAATGTTACAAGATAAGAAGCAGAAAAAATATGCACTCTTTTATAAAATGGATCTGGTAGAAATAGGTAAGAATAGTACTAAGTATAGGTTAATAAATTGT,TGTGAGAGGCCCAATAACAATACAAGAAGCAGTATACATATAGGACCAGGACGGTCACTCTATACAACAGACATAATAGGAGACATAAGAAACGCATATTGT,TGTAACACATCATACCTGTTTAATGGCACATGGATTAATGGCACAAGGAATGACACAAGGACTAATGGAACAGGGGATACAATAATCCCATGT,AATAATTCGAGTCCTGAGGCGACCTTCAGGCCT
KU168271,TGCTCTGATGTTAAAGTAAACAACACCAGCACTAATGCTGCAACGAACAGCAGCAGCAACAGCACTGCTGCTCCAATGACTACAGTGGCTAGCAGCAGTGACATGAAAAAC,TGCTCTTTCAATATAACCACAGCAGTAAGGGATGAGCAGAAGAAAGTTCATTCACTTTTTTACAAGCTTGATATAGTAAATATGGAAGGGAAAAATAATACAGGGGATGGTACATATAGGTTAATAAATTGT,TGCATAAGGCCCAACAACAATACAAGGCAAGGTGTAGGTATAGGACCAGGACAAATGTTCTTTACAACAGGCATAATAGGAGACATAAGACAAGCACATTGT,TGCAACACCTCAAAATTGTTTAATAGCACATGGGAGTGGGTTAATGGCACATTGACAAACTTTAGTATAGAGTCAAATAATACAATAATAACCATCCCATGT,AAAAATAATAGTAATAATGAGACCTTCAGGCCT
FJ866136,TGCACTGAATATAAAAATAACACAAAAATTAACAATAGCACTAGTGAGGACACAGGAATGAGAAAC,TGCTCTTTCAATATAACCACAGAAGTTAGAGATAGAAAGAAGGAAGTATATGCACTTTTTTATAAACTTGATGTGGTACAAATAAATGATAGTGAGAGTACTAATACTAGCTATAGATTAATAAATTGT,TGTACCAGACCCAACAACAATACACGAAAAGGTGTACATATAGGACCAGGACAAGCATTCTATGCAATAGGTGGAATAGTAGGGAATATAAGACAAGCACATTGC,TGCAATACATCAGAACTGTTTAATAATACATGGTTAAATAATACAGGGAACTGGTCATCAGATAGTACAGGGATAATCATGCTCCCATGC,GCAAATAGTAGTCAGAATGAGACCTTCAGACCG
AY669760,TGCATTGAATGGAAG?ATGAAAATGA?ACTAAGGGGAATA?AACTGTGGACCCTGATAAGGACATAGGAATGAAAAAC,TGCTCTTTCAATGTAACCACAGAAG?AAGA?ATAAGAAGAAGCAAGTATATGCACTTTTTTATAAACTTGATGTAGTACAGATGAATGATAAT???ACTAATACCAGCTATAGATTAATAAATTGT,TGCACAAGGCCCTACAACAATATAAGACAAAGGACCCCCATAGGACTAGGGCAAGCACTCTATACAACAAGAAGAATAGAAGATATAAGAAGAGCACATTGT,TGCAATACATCA??A?TGTTTAATCATAGTGTAGGGGAGAATAATACTCTATCAATTA??AACG?GGTA?AT?CTAACATCACACTCCCATGC,AATACTAGTCAGAATGAGA?CTTCAGACCT
HM215351,TGTACTACAAATAGTACAAATTTTGCAAATAGCACAGGAAAGGACATAGAAATGCAAGAC,TGCTCTTTCAATATAACTACAGAAATAAGAGATAAGCAGAAGAAAGTACATGCACTTTTTTATAAACTTGATATAGTACAAATAGATAATAATACGGAAGCTAATGCCAACTATACCAGCTATAGATTAATAAATTGT,TGCACAAGGCCCTACAACAATACAAGAGAAAGTATACATATGGGACCAGGGCGAGCACTCTTTACACAGAAAATAATAGGAGATATAAGACAAGCACATTGT,TGCAATACATCAGATCTGTTTAATAGGACATGGACATCAAATAGTACATGGGGATCAAATAGTACAGGGGGAAATGATACAATCAAACTCCAGTGC,GCAGATAATAATGGTACAAATGAGACCTTCAGACCT
AY713418,TGCACTGAATGGAGGAATAATGCCACTAATGCCACTGCAGGGGTTGAAGGGGGGAATAACACTGCCACTGATATGGAATAC,TGCTCTTTCAATATAACCACAGAAATAAGAGATAGACAGCAAAAAGTACATGCACTTTTTTATAAACTTGATGTGGTGCCAATAGGTAATGATAGTAGTAGATATAACTATAGTAGCTATAGATTAATAAATTGT,TGTATAAGACCCTACAACAAGACAAAAATACAACGTACATCTATAGGATTAGGGCAAGCATTATACACAAACGACAAAATAATAGGAAATATAAGACAAGCATATTGT,TGCAATACATCAGGACTGTTTAATAGTACACTGAATACTAGTGAATGGAGAAATTATAATATATCAAATACAGAGGTAATCAGACTCCCATGC,GGTAATAACACTCGGAAGAATGAGACCTTCAGGCCT
KF986074,TGCACTGAGGTGAAGAATAATATCACTAGTACTAATATCACTAGTAATCCCAATGTCACTAATCAGGAAGGAATGACAAAC,TGCTCTTTCAATATGACCACAGAGCTAAGAGATAAGAAAAAGCAAGTATATGCACTTTTTTATAAACTTGATGTGGTGAAAATAGATAATAGCGCCAATAGCACCTATAGATTAATAAATTGT,TGCACAAGGCCCAACAACAATACAAGAAAAAGTATACGTATAGGACCAGGACAGACATTCTATGCAACAGGTGACATAATAGGAGATATAAGACAAGCACATTGT,TGTAACACATCAGAACTGTTTAACAGTACATGGAATAGAACTAGTACTAATAGTACTACATGGGATAGTACTAGTACACCCAATGAGACAGAGGATATTACACTCCAGTGC,GCAAATAATACTAGTAATGAGACCTTCAGACCT
AY669756,TGCACTGAATGTAAAAATTGCACTGAAGGGAACAATACTGTAGGGAACAATACTGAAATAGGAATGAAAAAC,TGCTCTTTCAA?ATAACCACAGAAGTAAGAGATAA?AAGAAGCAAGAATATGCACTTTTTTATAAACTTGATGTGGTACAAATGGATAATACTAATACCAGCTATAGATTAATAAATTGT,TGCGCAAGACCCTACATAAAAATATGGCGAAGGACACATATAGGATCGGGGCAAGCATACTCTACAAAAAGAATACAAAATTATACAGGACCAGCACATTGT,TGCAATACATCAA?ACTGTTTAATCATACAGTGTTTA?T?ATGGT?GTACC?CAATTAGTACAAATGG?ACAATCACACTCCCATGC,GCAGATAAT?CTAGTCAGAATGAGACCATCAGGCCT
EU853022,TGCATTGATGCAAAGAATAAAAATGAAACAAATACCACTGCAGCAACTGAGGACACAGGAATGAAAAAT,TGCTCTTTCAATGTAACCACAGAAATAAGAGATAGGAAGAAGCAAGTATATGCACTTTTTTATAAACTTGATGTAGTACAAATAGATGATAAGAATAGTACTAATACCAGCTATAGATTAATAAATTGT,TGTACAAGGCCCAACAACAATACAAGAAAAGGTGTGCATATAGGACCAGGACAAGCATTATATACAACAGATATAATAGGAGATATAAGACAAGCATATTGT,TGCAATACATCAGGACTGTTCAATCATAGTGTATGGAGCAATAATAGTACATGGAATACTACATCAATTAATAAAACAGAGAATATCATACTCCCATGC,AATAATAGTCATAATGACACCTTCAGACCT
EU852998,TGTACTGAATGGAAGAATGACACTGCCACTAATGAGACGGACACGGGAGTAAAAAAC,TGCTCTTTCAATGCAACCACAGAATTAAGAGATAAGCAGCAGAAAATACATGCACTTTTTTATAAACTGGATGTGGTGCAAATAGATAATAATAGTAGTAATAGTAGCTATAGATTAATAAATTGT,TGCATAAGGCCCTACTACAAGACAAGAGAACGTACACATATAGGATCAGGGCGAGCATACTATATAACAAGAATAAAAGGAAATGTAAGATACACACATTGT,TGCAATACATCAGGACTGTTTAACACTAATGTGACATCAAATAGTACAGCAAATCCAAATGGGAACATCACACTCCCATGC,GCAAATAATAATAGTCAGAATGAGACCTTCAGACCT
EU853110,TGCATGGAATGGAATGGAACTAATATTAATAGAACTAACGTTGACACCAGTAAAGACTCAGGAATGAAAAAC,TGCTCTTTCAATATAACCACAGTAGTAAGAGATAAGAAGCAGCAAGTACATGCACTTTTTTATAAACTTGATGTGGTACAAATAGATGGTAGTACTAATAATACCTATAGATTAATAAATTGT,TGCACAAGGCCCTACAACAATACAAGACAAAGTACCCATATAGGACCAGGGCAAGCACTCTATACAACACACGTGATAGGAAATATAAGACAAGCATATTGT,TGTAATACATCAGGACTGTTTAATAATAGTAGATGGAATGAGACTACATCAATAAATAGTACAAATAAGAATATCACACTCCCATGT,GTAAGTAATGAGTCAAAGTCAGAGGAGACCTTCAGACCA
KU865950,TGCACTGATGTCAATGTGACCAGGAGCAAAGGGAACACTACCACTGCCCCTGAATTAAAGATGGAGGAAGAAATAAAAAAC,TGCTCTTTCAATATAACCACAGAAATAAGAGATAAGCATAGGAGAGTACAAGCACTTTTTTATAGACTTGATGTAGTACCATTAGATAATGAAAATAGCAATCAGAGTTATAGATTAATACATTGC,TGTTCAAGGCCCAATAACAATACAAGACAAGGTATGCATATAGGACCAGGGAAAGCATACTTTACAACAAACATAATAGGAGATATAAGACAAGCACATTGT,TGTAATACATCAGGACTGTTTAATAGCACATGGGAAAATGGAACAGATGGAACAGGGTCAGATAATGAGACAATCACACTCCCATGC,AAAAATGTAACTAATGGTACCGATACCTTCAGACCG
EF633445,TGCACTGATGCCATCTTTAACTCCACCTCCTTCAGCAGCTCCGGGAGCACCACCACTGAGAAGCCAACACTAGAGGTGCAAAAC,TGCTCTTTCAATGTAGCTACAGTAGTAAGAGATAAGAGAAAGGAAGCATCTGCGCTTTTTTATAGACCTGATATAGTACCAATAGACCAGGATAATAAAAATGGTAATAAGACCACTTATAGGTTAATAAATTGT,TGTACAAGGCCCTACAACAATACAAGACAAAATACACAAATAGGACCAGGGCAAACATTCTATGCAAGCAGGATGATAATAGGAGACATAAGACAAGCACATTGT,TGTAATACATCAGGGCTGTTTAATAGTACATGGAATAGGACAGGGAATAATAGTAGTAGTACAGGGTCAAATGAGACAATCACACTTCCATGC,GATAATAGTAGTTCTCACAATGAGACCTTCAGACCT
GU191360,TGCACTAATGCTATATCGGAAAACAACTGCACTAATACTACATACAACAGCACTGGTGCTACATTGGGAAACAACTGCAGCATCCCAGAAATGAAAAAC,TGCTCTTTCAATGTAACCACAGTATTAAGGGATAAGCAAAAGCAAGAATATGCACTTTTTTATAGACTTGATATAGTAGAGATAAATCATAATGATAATACTTCTTATAGGTTAATAAATTGT,TGTATAAGGCCTAACAACAATACAATAAAAAGTGTACATTTCGGACCAGGGCAGGCACTCTATGCAACAGACAGAATAATAGGAAATATAAGAGAAGCACATTGT,TGCAATACATCAGGACTGTTTAATGGAACATGGATTAATAATACATGGACATGGCTTAACAGTACAAAGAGTAATGAAACTAATACAAAGGTAACCATCCCATGT,ACTAATGTTACTAATGAGACCTTCAGGCCT
EU853054,TGCACAAATGTTAATATGACTGACACAAATGTTAATATGACTGACACAGAAATGAAAAAT,TGCTCTTTCAATATATCCACAGAAGTAAAAGATAAGAAGAAGCAATCAAATGCACTTTTTTATAACCTTGATGTGGTACAGATAAATGATAATGATACTACCAAATATAGATTAATAAGTTGC,TGCACAAGGCCCTCCAACAATACAAGACAAAGTACACGCATAGGACCAGGGCAAGCACTCTTTACAACAAAAGTAATAGGAGATATAAGACAAGCATATTGT,TGCAATACATCAGGACTGTTTAATTATAGTAGTATGTTTAATAGTAGTACATCAAATAGTAGTATAGGGGAAAATGAAACAATCACACTCCAATGC,GAAACAAATACTAGTGAGGAGATCTTCAGACCT
EU853118,TGCATTGAATGGAATGGAACTACTGACAATAACACCAATGGAACTGACATAAAAATCAGTAAGGACTTAGGAGTGAGAAAC,TGCTCTTTCAATATAACCACAGTAGTAAGAGATAAGAAGCAGCAAGTACATGCACTTTTTTATAAACTTGATGTGGTACAAATAGATGGTAGTACTAATAATACCTATAGATTAATAAATTGT,TGCCTAAGGCCCTACAACAATACAAGACAAGGTACCCATATAGGACCAGGGCGAGCATTCTTTACAACAAACATAGTGGGAGATATAAGACAAGCACATTGT,TGCAATACATCAGGACTGTTTAATAGTACATGGAATAAGACATCAACTAGTACAAATGAGAGTGGTACAATCACACTCCAATGC,GTAGGAAATGGGACAGAGGAGACCTTCAGACCA
AF484514,TGCACTGATGCTCAAGGGGAACTGATGAAGGAAGACATGAAAAAC,TGCTCTTTCAATACAACCACAGTATTAAGAGATAAGCAGCAGAAAGCATATGCACTTTTTTATAGACTTGATTTGGTACAACTAAATAATACCAATGATAATACCAATTATACCAGTTATATATTAATAAATTGC,TGTACAAGGCCCTCCAACAATACAAGACAGAGCATACATATAGGACCAGGGCAAGCACTCTTTGCAAACAAGATAATAGGAGATATAAGACAAGCACATTGT,TGCAATACATCAAAACTGTTTAATAGTACCTGGAATAATGGTACAGTAAATAGTACAGATACAGTAAATAGTATAATCACAATCCCATGC,ATAAATACTAGTGATGAGAATGAGACTTTCAGACCT
FJ388945,TGCATTGATGTTGAGACCAACAATAAGACTACAGTGGACAACAGCAGCATAGGAGACCTGAAAAAC,TGCTCTTTCAATGTAACCACAATATTAAGAAATAAGAAGAAGCAAGTACATGCCCTTTTTTATAGACTTGACGTAGTAAAAATAGATAGTCAGAATAATAGGGCTAATCAGAGTAATGGTACTTATAGGTTAATAAATTGT,TGTATAAGGCCCAATAACAATACAAGAGACAGTATCCATATAGGACCAGGGCAGGCACTCTATGCAACAACAAACATAATAGGAAACATAAGAGAAGCACATTGT,TGTAATACATCAAAACTGTTTAATACAACATGGTCTAGTGAAACATGGGAGAATAGTACGGGAAATAATACCGAATTAAATGGTACGATAACCATCCCATGT,AATAATAGTAATTGTAATGAGACCTTCAGGCCT
EU281996,TGCATTGAATGGACAAAGACTGTCACTAGTAATGCCACTAATACCACTAGTGCCCCTACTACCACTAAGGAGGACATAGGAATGAAAAAC,TGCTCTTTCAATATAACCACACAACTAAGAGATAAGAAGCAAAAGGCATATGCACTTTTTTATAAAATGGATGTGGTACCAATAGATGAGGGGAATGGTACTAGTACCAGCTATAGATTAATAAATTGT,TGCACAAGGCCCTACAACAATACAAGAAGAAGTACACATATAGGACCAGGGCGAGCATACTTTACAACAAACATAATAGGAGATATAAGACAAGCGCATTGT,TGCAATACATCAGGACTGTTCAATAATAACATAACTAATAGTAATGGGACAAGTAATGATACACTCATACTGACCTGC,GGAAATGGTACCGGGGAGGATGAGACCTTCAGACCT
KY203348,TGTACTGATATCCAGGGGAATGATACTATCAATAACAGCAACAGTACTGGCGAGGTCATGAGCTAC,TGCTCTGTCACTGTAACGACAGTAGTAAGAAATAAGAAGAAGCATGAACATGCACTTTTATATGAACTTGATATAGTACAAATGGATAATGATAATACCAGTTATAGATTAATAAACTGT,TGTGAAAGGCCCAATAACAATCCAAGTCGAGGTATACATATAGCACCAGGACAAGCACTCTTTGCAACAACAAATGTAATAGGAGATATAAGAAGAGCACATTGT,TGCAATACATCAAACCTGTTTAATAGTACCTGGAAGGTTAATAGTACAGTGAATCAGACAGGGTTAAATGATAGTACAATCACACTCCAATGC,AATAATAATACGAATGAGACTTTCAGACCT
KF986058,TGCATTGAATATAATGCCAAAAATGCCACTACAAATGCAAATGTCACTAATGCAAATGCCACTAATGAGGGCATAGGAATGAAAAAC,TGCTCCTTCAATATAACCACAGAAGTAAGAGATAAGAAGAAGCAAGTATCTGCACTTTTTTATAAGCTTGATGTAGTACCAATAGGTGATAATAGTAATACCAGCTACAGATTAATAAATTGT,TGCACAAGGCCCAGTAATAATACAAGAAAAGGTATACGCATAGGACCAGGGCAAGCATACTTTACACAAGAAGTAACAGGAGATATAAGACAAGCACATTGT,TGCAATACATCAAGACTGTTTAATAGTACATGGAATGATAATAGAATTACAGGGGGTAATGACAGTACAATCACACTCCCATGC,GTAGATAATCAGAGGAATAGTGAGACCTTCAGACCT
AY773341,TGCACTAATGCCAACATAAACAGCACTGGGAGCAACGCCCTATGGGAGCCAACAAAGGAGGTGAAAAAC,TGCTCTTTCAATGTAACTACAGTAGTAAGAGATAAGAAAAAGCAAGTATATGCGCTTTTTTATAAACCTGATATCGTACCAAAAGACAATGATAATAATAGGACCAATTATAGGTTTATATGTTGT,TGTACAAGGCCCTACGAAATTAGAATACAAAAGACATCAATAGGACAAGGGCAAGCACTCAATACAAACAAGAGGATTATACGAGACAATAGACAAGCAAATTGT,TGTAATACATCAGGGCTGTTTAATAATACATGGGATAATAGTAATAGGACATGGTCAAATAAGGGAGCATGGTCAAATCAGACAGTCACACTCCCATGC,AATAATAGTTCTAACAACGAGACCTTCAGACCT
KF985994,TGCACTCAACCGATTGGCAACGCTAGTCAGATAGAAATGAAAAAC,TGCTCTTTCAATGTAACCACAGAATTAAGAGATAAGAAGAAGCAAGTATCTGCACTTTTTTATAGACTTGATGTGGTACAACTAAATGATAGTAATGAGGATGATACCAGCTATAGATTAATAAATTGT,TGCACAAGACCCTACAACAATACAGTACAAAGTATACATATGGGACCAGGGAAAGCAATCTATACAACAAGGATAATAGGAAATATAAGACAAGCACATTGT,TGCAATACAACAAAACTGTTCAATAGTACATGGGATAATACATCAACTAGTACAGGGGGAAATGAAAGTACAATCACACTCCAATGC,GGTAATAATAAGACGAATGAGACCTTCAGACCT
KF986050,TGCACTGATGCAAATACCACTAAAAGTGATGCAAATACCACTACCACTAAAAGTGATGAGGACATAGGAATGAAAAAC,TGCTCTTTCAATATAACCACAGTAATAAGAGATAAGAAGAAGCAAGTATATGCACTTTTTTATAGACTTGATATAGTAGAAATAAATAGGGATAATAATAGCTATAGATTAATAAATTGT,TGCACGAGGCCCAACAACAATACAAGAAAAGGTATACATATAGGACCAGGGCAAGCATTTTATGCAACAGGAGCCATAATAGGAGATATAAGACAAGCACATTGT,TGCGATACAACAAAACTGTTTAATAATAGTGTATGGCAGAATGATACTACATTAAATAGTAACAATAATAGTACCAAGGAGACAGTAATCATACTCCCATGC,AATAAGACTGCTCAGAATGAAACCTTCAGACCT
KF986123,TGCACTGAATGGGAGAATGCAACTGCCGCTAATGAAACCATAGAAATGAAAAAC,TGCTCTTTCAGTATAACCACATTATTACAAGATAAGAAGACGCGAGAATATGCACTTTTTTATAAACTTGATATAGTACCAATAGATAATAATAATAGTAGTAATAATACCACCTATAGATTAATAAACTGT,TGCACAAGGCCCTACAACAATACAAGAAAAAGTATACATATAGGGCCAGGGCAAGCATTTTATGCATCAGACATAATAGGAGATATAAGACAAGCACATTGT,TGCAATACAACAAAACTGTTTAACAGTAAATGGAATAGCAGTACATGGGAAAATGATACTACAGAGGACAATAAGACAATCACACTCCCATGT,ACAACTAATCGTAGTAGTGAAATCTTCAGACCT
AY773339,TGCAGTAATAATATTACCACCTTAAACAGCACTGGGAATGCCACCTTAAACAGCACTAGGAACGCCACTGTGGAGTCAGAACTGGAGATGAAAAAC,TGCTCTTTCAATATAACTACAGTAGTAAGAGATAAGAAAATGCAAGTACATGCGCTTTTTTATAGACCTGATATAGTATCAATAAACAATGATAACACCAGTTATAGGTTAATAAATTGT,TGTACAAGGCCCTACAGATATATAAGACAAAAAACGTCAATAGGACAAGGGCAAACATTACATACAAGCAAGAGGATAATAGGAGACATAAGACAAGCACATTGT,TGTAATACATCTAGGCTGTTTAATAATACATGGAATGGTACACATGTCAATAAGACAGACACCAATGGGGCAGTCACACTCCCATGC,AATAGTAGTTCTGACAACGAGACCTTCAGACCT
EU853014,TGCATTGATGCAAAGAATAATAAAAATGGAACAAATACCAATGCAACATCTAGCCCTGATGAGGACACAGGAATGAAAAAT,TGCTCTTTCAATGTAACCACAGAAATAAGAGATAGGAAGAAGCAAGTATATGCACTTTTTTATAAACTTGATGTGGTACAAATAGATGATAAGAATAGTACTAATACCAGCTATAGATTAATAAATTGT,TGCACAAGGCCCAACAACAATACAAGACAAGGTGTGCATATAGGACCAGGACAAGCATTATATACAACAGATATAATAGGAGATATAAGACAAGCATATTGT,TGCAATACATCAGGACTGTTCAATCATAGTGTATGGAGCAATAATGGTACATGGAATACTACATCAATTAATAAAACAGAGAATATCATACTCCCATGC,AATACTAATACTAGTCATAATAATGGGACTGAGACCTTCAGACCT
AF484516,TGCACCGAATGGAAGAATGGAAATGACACTGTCAATGGCACTACTGTCAATGACATGAAAAAC,TGCTCTTTCAATGTAACCACAGAATTAAGAGATAAGCAGAAGCAAGTACATGCACTTTTTTATAAACTTGATGTAGTACAAATAGAGGATAATACAACTAGCTATAGATTAATAAATTGT,TGCACAAGGCCCAACAACAATACCAGAAAAAGTATACGTATAGGACCAGGGCAAGCATTCTATACAACAAACATAATAGGAGACATAAGACAAGCATATTGT,TGCAATACATCAGGACTGTTTAATAGTACATGGACTAATAGTACAGGGGTAAATAACAACAGTACAATCACCATCCCATGC,GCAAATAATAATGGTACAAATGAGACCGTCAGACCT
HQ912709,TGCACTGAATGGAGGAATGACAGCAGGAGTGACAATAGCAATATTGAAGACATAGGAATGAAAAAT,TGCTCTTTCAATATAACCACAGAAATAAGAGATAAGAAGAAGCAAATACATGCACTTTTTTATAAACTTGATGTAGTACCAATAAATAATATAACTAATACCAGATATAGATTAATAAATTGT,TGCACAAGGCCCTCCAACAATACAAGAGAAGGTATACATATAGGACCAGGGAGGGCATTCTTTACAACAAACATAATAGGAAATATAAGACAAGCATATTGT,TGCAATACATCAAGACTGTTTAATAGTACATGGAGTGCTAATAGTACATGGAGTACATGGAATAATACATCAAATAGTACAGATACAATCACACTCCCATGC,GTAAATAATACTAGTAGTGAAACCTTCAGACCT
HQ595791,TGTGTTGACTGGAATGAAACTGTTGCTAGAGGGAATAGCAGTGGCACTAATGCCACTTTTGAGGACAAAGAAATGAAAAGCATAGAAGTGAAAAAC,TGCTCTTTCAATGTAACCACAGAATTAAGAGATAAGAAGGAGCAAGTAAGAGCACTTTTTTATAAACTTGATGTGGTACAAATAGATAAGAATGTTAGTAATAATACTTATAGATTAATAAATTGT,TGCACAAGGCCCTACAATAATACAAGACGAGGTACACATATAGGACCAGGGCGAGCATACTTTACAACAGACATAGTAGGAGATATAAGACGAGCACATTGT,TGCGATACATCAAGACTATTTAATAGTACCTGGACGAATAGTACCTGGGGGAACGATACTAGCTCAAATAGGAATGATACAATCACACTCCCATGC,ATCTATAATAGTAGTCAGGAAGAAGAGACCTTCAGACCG
AY795907,TGTACTGATATTAAGAATGTTACAGTAGACAACAACAGCACAAGAGAAGAGATGAAAAAC,TGCTCTTTCAATGTAACCACAGTAGTAAGGGATAAGCAAAAGCAAGAATATGCGTTGTTTTATAAACTTGATATAGTAGCAATGGATAATAGTACTTATAGATTAATAAATTGT,TGTATAAGGCCCAACAACAATACAAGACAAGGTATACATATAGCACCAGGGCAGGCACTCTATACAACAAATGTAATAGGAGACATAAGACAAGCACATTGT,TGCAATACATCAACACTGTTTACTAGAACAATTAACACAACAAATGATAATACTGTAAATAGTACTGGAAATAATACAAATGATACAATAACCATCCCATGT,AGTAACAATACTAACAGTACTGAGACCTTCAGACCT
HM068555,TGCACTGATGTAAAACCCAAGAATGAGAGCACGGAGGTGACCATTAGCCCGAGCCTGAAGGAAGAAATAAAGAAT,TGCTCTTTCAATGTAACCACAGTATTAAGAGATAGGAAGAAGCAAGAATATGCACTTTTTTATAGACTTGATATAGTACCAATAGATGATGATAATGCCAGTTATAGTAATAATACTGCCAGTTATAGATTAATAAATTGT,TGTACAAGGCCTAACAACAATACAAGAAAAGGTGTACATATAGGACCAGGGCAAGCAATCTATACAACAGATGTAGTAGGAAACATAAGACTAGCACATTGT,TGCAATACATCAGGACTGTTTAATAGCACATGGAATAAGGATAATAGCACATGGAATAATAATGGTTCCCTAGGGGAGGATACAAATCCAAACATCACACTCCCATGC,GGTTTTGGTGGTGTCAAAATTAAAAATGAGACCAAAATTAATGAGACCTTCAGACCT
HM215283,TGTCAGGAGATGAACAGTAGCACTAAGACGAACAGCAGCATTAGTAATGAGGATAAAAGAATGAAC,TGCTCTTTCAATGTAACCACAGTAGTAAGAGATAGGAAGAAGCAGGTAGCTGCACTTTTCTATAGACTTGATTTAGTAGCAGTAGACAATGATAATAGTACTAATTATAGGTTAATAAATTGT,TGTACAAGGCCCTACAACAATACAAGGCAAAGTATACATATAGGACCAGGGCAAGCAGTCTATGCAACCGATGCAAGGAAAATAGTAGGGGACATAAGACAAGCATATTGT,TGTAATACATCAAACCTGTTCAATTATACATGGAATAATAGTACAGGGCTAGGTAATATCACACGTAATATCACACTACCATGT,AATACAAGTGATGATCATGAGACCTTCAGACCT
AJ277820,TGCAGTGATGTACAGGGGAATACTATGGAGACTGGACAGATGGAGAAAGGAGAAATGAAAAGC,TGCTCTTTCAATATAACCACAGTATTAAGAGATAAACAGGAGAAAGTAGCTGCACTTTTTTATAGACTTGATATAGTACCAATAGATAATAATAGTAGTTATAGATTAATAAATTGT,TGTACAAGGCCCAACAACAATACAAGACAAGGTACACATATAGGACCAGGGCAGGCACTCTATACAACAAGGGTAATAGGAGATATAAGAAAAGCACATTGT,TGCAATACATCAAAACTATTTAATAGTACATGGAGTATAGAGAGTAATATTACAGAGTCAAATGATAGTACAATCATACTTCCATGC,GTAAATAATCATAGTAATGAGACCTTCAGACCT
AF484480,TGCACTGAATGGAAGAATAATGCCACTAATAATGCCACTAATAATGAGGACATAGCAATGAGAAAC,TGCTCTTTCAATGTAACCACAGAGGTAAGAGATAAGAAGAAGCAAATGCATGCACTTTTTTATAAACTTGATGTGATACCAATGGATGATAATAGTAATGATAGTACTAGCTATAGATTAATAAATTGT,TGCATAAGGCCCTACAACAATACAAGACGAAGTACACATATAGGACCAGGGCAAGCATTATATACAAATCACATAATAGGAGATATAAGACAAGCACATTGT,TGCAATACATCAAAACTGTTTAATAATACATTTAATACTAGTGATTGGAGGACTTATAATACATCAAATAGTACAGGGAATGAGACAATCACACTCCCATGC,AATGCAAATAATACTAATCAAAGTGAGACCTTCAGACCT
AF484498,TGCACTGAATGGGAGAATAAGGATGCCACGAATAAGAATGCCACTAATAATACTAGTAATGTCACTAATGAAATAGGAATGAAAATT,TGCTCTTTCAATGTAACCACAGAAGTAAGAGATAGGAAGAAGCAAGTATCTGCACTTTTTTATAAACTTGATGTGGTACAAATAGATGATACCAATACCAGCTATAGATTAATAAATTGT,TGTACAAGGCCCTACAATAATACAAGAAAAGGCATACATGTGGGACCAGGGCAAGCATTCTATACAAATAACATAGTAGGAGATATAAGACAAGCACATTGT,TGCAATACAGCAAGATTGTTTAATTATGAATGGAGTAATAATACATTAGCTAGTACAGGGAATGACAGTAAAGGGAATGACAGTATCACACTCCAATGC,GCAAATAATAATAGTCAGAATGAGACCTTCAGACCT
AF484502,TGCACTAATGCAAAGATTGAGCAAAATGTCACTGTCGCAGGAATGAGAAAC,TGCTCTTTCAATATGACCACAGAACTAAAAGATAAGAAGAAGCAAGAATATGCACTTTTTTATAAACTTGATGTGGTACAAATAGATAACAGTAGTACTAATACAGACTATAGGTTAATAAATTGT,TGCACAAGACCCTCCAACAATACAAGAAAAGGTGTACATATAGGACCAGGGCAAGCAATCTATTCAACAGGACAAATAATAGGAGATATAAGAAAAGCACATTGT,TGCAATACAGCAGGACTGTTTAATAGTACATGGAACAGGACAAATAGTGAATGGATAAATAGTAAATGGACAAATAAGACAGAAGATGTAAATATCACACTTCAATGC,GGTGCAGATAATAATAGGCAGAATGAGACCTTCAGACCT
KF986090,TGCACTGAATGGAAGAACGAAACCGCTAGAGAGGAAACAGGAATGAAAAACGAAACCGCTAGAGAGGAAACAGGAGTGAAAAAC,TGTTCTTTCAATATAACCACAGAAATAAGAGATAAGAAGAAGCAAGTACATGCACTTTTTTATAAACTTGATGTGGTACAAATAGATGATAACAATAGTAATACCAGCTATAGATTGATAAATTGT,TGCACAAGGCCCAACAATAATACAAGACAAAGTACACGTATAGGACCAGGGCAAACACTCTTTACAACAAGAATAATAGGAAATATAAGGCAAGCATATTGT,TGCAATACATCAGGATTGTTCAATAGATCAGAAAGAAATGAGAATATAACCCTTCCATGC,GCAAACAATACTAGTCAAAATGAGACCTTCAGACTT
HQ385448,TGCAATAGTGTCAAGTGCACTGGTAGTAATGATACTTGTGAAGAAGTGAAAAAC,TGCTCTTTCAATATAACCACGCTAGCAAGTGATAAGCGGCAGGAAGTAAATGCAAGTTTTTATAGTCCTGATATAGTACCAATAGAGGGTAGGGATAATAATAGTTATAGGCTGGTAAGTTGT,TGTACAAGGCCCAACAACAACACAAGACAAAGTACACATATAGGACCAGGGCGAGTATTCTATACAACAAATACAGTAGGAGATATAAGACAAGCATATTGT,TGTAATACCTCAAAACTGTTTAATAGAACATGGAATATATCAGAACCAAGTAATGATACAGAGCCAATCATACTCCAATGC,ACTGGGAACGAGAGCAAGATCTTCAGACCT
AF484506,TGCACAACATGGAAGGGTGACAATGTCACTACTACCACTAGTGCCCCTAATGTCACTGGTGCCACTAGTGAGAACATAGAAATGAAAAAC,TGCTCTTTCAATATAACCACAAGAATAAGAGATAAGAAGAAACAAGTACATGCACTTTTTTATAAACTTGATGTAGTGCAAATAGATAACAACAATAGTACTAATACTAGTACCAGCAGCTATAGATTAATAAATTGT,TGCACAAGGCCCTACAACAATACAAGAAAAAGTACACATATAGGACCAGGGCAAGCATACTTTACAGCAAAGATAATAGGGGATATAAGACAAGCACATTGT,TGCAATACATCAGGACTGTTTAATAGTACATGGGAAAATGGTACATTAAATAGTGCGGAGGGAAATGATACAATCACACTCCCATGC,GTAAATAATAGTCAGAATGAGACCTTCAGGCCT
EU852934,TGCACTGATGTACGGAGTAATGGCACTAAACAGAGTAATGGCACTGAACAGAGTAATAGCACGGAATTTAGGGGGGACATAGAAATGAAGAAC,TGCTCTTTCAATATAACCACAGTAGTAAGAGATAAGAAGAAGCAAGTACATGCACTTTTTTATAGACTTGATGTAGTACAAATAGATGATAATAATAGTACTAGCTATAGATTAATAAATTGT,TGCACAAGGCCCAACAACAATACAAGACAAAGTATACATCTAGGACCAGGGCAAGCATTCTATACAACAAAAATAATAGGAGATATAAGACAAGCATATTGT,TGCAATACATCACAGCTGTTTAATAGTACATGGGAAGCCAATACGACAGATAAGCTAAATGAGACAATCACACTCCCATGC,ACAAATAATAGTAGTCAGAATGAGACCTTCAGACCT
AY371156,TGCATTGATTACAGTAGCACAGGAAATAAGGTTACTTTGGACAACAGCAGCATTGGAGAAGTGAAAAAC,TGCTCTTTCAATATAACCACAGTAGTAAGGGATAAGAAAAAGCAAGAATATGCACTTTTTTATAGACCTGATATAGTAAAAATAGATAATACGGATAATAATACTTATAGGTTAATAAATTGT,TGTATAAGGCCTGGCAACAATACAAGAAGAAGTATACATTTAGGACCAGGGCAGGCATTCTATACAAACAAGATAATAGGAGACATAAGAAAAGCACATTGT,TGCAATACATCAGGACTGTTTAATAGAAATATTAGTACAGAGAGTACTGAAAATAGTACAGGAGTAAATGATACAATAACCATCCCATGT,AATACTTCTTATGAGGAGACCTTCAGGCCT
GU329175,TGCACTAACATAAAGAACAATAAGAACAATGGAACTGAAAGGATAGACAATAGCACTCTTGAAGAAATGAAAAAC,TGTTCTTTCAATATAACTACAGTAGTAAGGGATAAGAGGAAGCAAGTATATGCAATTTTTGATAAACTTGATATAGTACCAATAAATGAAACTAGGTATAGGTTAATAAATTGT,TGTATAAGGCCCTACAACAATACAAGACAAAGTACACAGATAGGACCAGGGCAAGCACTCTTTACAAGAGGGGAGATAATAGGAGACATAAGAAAAGCATATTGT,TGCAGTACAACAAACCTGTTTAGGAGTACATGGAATAAAAATGATACATGGGAGAATAATAATACAGAATCAGAAAACATCACACTCCAATGT,GATGAAAATAATGGGTCTTACGAAACCTTCAGACCT
AY669753,TGCACTGAATGGAAGAATGCCACCACTAATGCCACTAATGAGGGCATAGGAATGAAAAAC,TGCTCTTTCAATATAAACACAGAAGTAAGAGATAAGAAGAAGCAAGCATATGCAC?TTTTTATAA?CTTGATGTGGTACAAATGAATGATGATAATAGTACTAATACCAGTTATAGATTAATAAATTGT,TGCACAAGGCCCTACGATAAGGTAAGCTACAGGACACCTATAGGA?TAGGGCGAGCATCCTATACAACAAGAATAAAAGGAGATATAAGACAAGCACATTGT,TGCAATACATCAGGACTGTTTAACAATAGTGTATGGACATCAAATAGTACGATAGGGGCAAATGGGACAATCACACTCCCATGC,GTAAAAAATAATAGTCAGAA?GAGACCTTCAGACCT
AF219272,TGCACTAATGCAGGGAACGGGAGCCTGGCGGAGGCAGGAGAAATGAAAAAC,TGTTCTTTCAATATAACCACAGTAGTAAGAGATAAGAGGAAGCAAGTATATGCACTTTTTTATAAACTTGATGTAGTACAAATGGATAATAGTAACCACAGTACAGACTATAGGTTAATAAATTGT,TGTACAAGGCCCAACAACAATACAAGGAAAAGTATACATCTAGGACCAGGACAAGCATTCTATACATCAAACATAATAGGAGATATAAGAAAAGCACATTGT,TGCAATACATCAGGACTGTTTAATAGTACATGGGGTTCAGGACTGTCTAATGGTACTGAGAATATCACCATCCCATGC,ACAAATAGTAGTCATAACGAGACCTTCAGACCT
