FJ771006,TGTAATGATGTTGTTAACACTACTTCCTCTCACGATCAAAACAGCACCCTGCGGGAAGAGCCAGGGGCAATACAAAAC,TGTTCTTTTAATATGACCACAGAAGTAAGAGATAAGAAGAAGAAAGTATATGCATTTTTTTATAGGCTTGATATAGTACCAATCAGCGATGGTAGTGGCAATGGAACATACAGGCTGATAAATTGT,TGTACAAGACCCAACAACAATACAAGAAAAAGTATACATATAGGACCAGGACAAGCATTTTATGCAACAGGAGCCATAATAGGAGACATCAGAAAGGCACATTGC,TGCAATACATCAGGACTGTTTAATGACACAGTATCCAATGACACTATCACTCTCCCATGT,AAGAATAATGATACTGAGAATAAAGATACTGAGATCTTCAGACCT
FJ817371,TGTACTGAATTCAAGGGTAATAGTACCAATAACCAAAACAGCACCCAAACCAGCACCACCAGCCCCCCCCTGAAGGAGGAAGCAGGGGCAATACAAAAC,TGTTCTTTCAATATGACCACAGAAGTAAATGATAAGAGGCAAAAAGTACATGCACTTTTTTATAGACTTGATATAGTACCTCTCAACAATGACAGTGACAGTAACAATAACAGTAGTAGGGAATATAGGCTAATAAATTGT,TGTACAAGACCCAACAACAACACAAGGAAAAGTATACATTTAGGACCAGGGCATGCATTCCATACAACAGGTAATATAATAGGAGATATAAGAAAGGCACATTGT,TGCAATACATCAGGATTGTTTAACAATAATATGACCAATGGCACTATCATTCTCCCATGT,ACTCATAATGTTACTGAGACCATCAGACCT
KT427774,TGTACCAATGCCACTGTCCATAGTAATGCCAATAGCAATAGTACTCAAAACAGCACCCTGCAGGAAGAGCCAGAGGCAATAAAAAAC,TGTTCTTTCAATATGACCACAGACGTAAGAGATAAACAGAAGGAAGTACGTGCACTTTTTTATAAGCTTGATGTAATACCAATAAATGAGACAAAGGGAGAATACAAAGAATACAAAGAATACAGGCTAATACATTGC,TGTACAAGACCCAACAACAATACAAGAAAAAGTATACAAATAGGACCAGGACGAGCATTCTATGCAACAGGGGATATAATAGGAGACATCAGAAAGGCACATTGT,TGCAATACATCAAAACTGTTTAATGACAATAGCACTCAAAAATCCAATAATGACACTATCACTCTCCCATGT,AATGGTGGAAATAATACTAATAAGACTGAGATCTTCAGACCT
KT427814,TGTACTGATGCCACTAACAATAACAATAGAACTCAAAATATCACCCTAAAGGAAGAAGCAGGGGCAATACAAAAA,TGTTCTTTCAATATGACCACAGAAGTAAGAGATAAGCAGCAGAAAGTATATGCACTTTTTTATAGGCTTGATATAGTACCAATAAATGATAATAAGGAAAATAATAGCAGTGGAGAATACAGGCTAATAAATTGT,TGTACAAGGCCCAGCAACAATACAAGAAAAGGTATACACATAGGACCAGGAAGAGCATTTTATACAACAGGAGAAATAATAGGAGACATCAGAAAGGCACATTGT,TGCAACACATCAGGACTGTTTAATGACACAGTGTCTAATGACACAGTATTCAATGATGACACTATCATTCTCCCATGT,AATAAGACTCGGAATGAGTCCTGTGGGACCTGTGAGATCTTCAGACCT
KX181926,TGTGTTGATGCTAATGCCACCACCAATGGCACTCAAAGCAACCCCTTAAAGGAAGATCCAGGGGCAATACAAAAC,TGTTCTTTCAATATGACCACAGAAGTAAGAGATAAGCAGCTGAAAGTACATTCACTTTTTTATAGACTTGATATAGTACCAATCAATAATGTTAGTAATGGAAGTGGAGAATACAGGCTAATAAATTGT,TGTACAAGACCCAACAACAATACAAGAAGAAGTATACATTTAGGACCAGGACGAGCATTTTATACAACAGGAGAAATAATAGGAGACATCAGAAAGGCACATTGT,TGCAATACATCAGGCCTGTTTAATGACTCAATAATAAATGGCACTGAGAGTATCACTCTCCCATGT,CTGAACAATGATACTAATCAGACTGAGACCTTCAGACCT
KX181922,TGTAATGCCACTGCCACTGGAAACAGCACCCTGGAAGAAGAGCCAGGGGCAATACAAAAC,TGTTCTTTCAATATGACCACAGAAGTAAGAGATAAGAAGCAGAAAGTATCTGCACTTTTTTATAAGCTTGATATAGTACCAATCGGCAATGGCAGTAATAACAATGACAGTAAAGAATATAGGCTAATAAATTGT,TGTACAAGACCCAACAACAATACAAGAAAAGGTATACATATAGGACCAGGACAAGCATTTTATGCAACAACAGACATAATAGGAGACATCAGACAGGCTCATTGT,TGCAATACATCAAAACTGTTTAATGACACAGTGTCCAACGACACTATCATTTTCCCATGT,AATAAAGAGAATGAGACCTTCAGACCT
KU168275,TGTACTAGTGCCAGCTACAATAGCACTGGCCAAAACAGCACCCTGACAGAAGAGCCAGGGGCAATACAAAAC,TGTTCTTTTAGAATGACCACAGAAGTAAGAGATAAAAAGCAGAAGGTACATGCACTTTTTTATAGGCTTGATATAGTACCAATCAGTAATAAAAAAAACAGAAGTAACAGTACAAACTATAGACTAATAAATTGT,TGTACAAGACCCAACAACAATACAAGAAAGAGTATACGCATAGGACCAGGACAAGCATTTTATGCAACAGGAGAAATAATAGGAGACATCAGAAAGGCACATTGT,TGCAATACATCAGGGCTGTTTAATAATACAGTACTCAATAACACTACTATCACTCTCCCATGT,GAGAATAATGATACTGAGACCTTCAGACCT
KX181919,TGCACTGCCTTTAATGGCACTGCCACCAATGGCACTGGCAGCAAGGGTACCAATAACAATCAAAGCACCACCCTGCAGGAAGACCCAGGGGCAATACAAAAC,TGTTCTTTCAATATGACCACAGAAATAACAGATAAGCAGAAAAAAGTACATGCACTTTTTTATAAGCTTGATATAGTGCCAATCAATGGCAATGGCAGTGGCAATGGCAGTGGAGAATACAGGCTAATAAATTGT,TGTACAAGACCCAGCAACAATACAAGAAAAAGTATAGCTATAGGACCAGGAAGAGCATTTTATGCAACAGGGGAAATAATAGGAGACATCAGAAGGGCACATTGT,TGCAATACATCAGGAATGTTCAATGACACAGAATCCAATGAAAATATTACTTTCCAATGT,AATAATAGTACTGGCAATGAGACCTTTAGACCC
HM068554,TGTGATAATGCCAATAGTGACTCTACAAACAGCACCCTGGCGGAAGAGCCTGGAGTAATACAAAAC,TGTTCTTTCAACACGACCACAGAATTAACAGATAAGAAGCAGAAAGAATATGCACTTTTTTATAGACTTGATATAGTACCACTCAATAGTAGTAACAATAAAGAATACAGGCTAATAAATTGT,TGTACAAGACCCAACAATAACACAAGGAAGAGTATACGTTTCGGACCAGGACAAGCATTTTATGCAACAGGAGAAATAATAGGAGACATCAGAAAGGCACATTGC,TGCAATACATCAAAACTGTTTAACAACACAGAATTCAATGTCAGTGACACTATCATTCTCCCATGT,AACGGGAATGAAACTGAGAATAATGATACTGAAATCTTCAGACCT
KU168276,TGTACTAGTGCCACCAATGACACTGGCCCAAACAGCACCCTGAAGGAAGATCCAGGGGCAATACAAAAC,TGTTCTTTTAATATGACCATAGAAGTAAGAGATAAAAAGCAGAAGGTACATGCACTTTTTTATAGGCTTGATATAGTACCAATCAGTAATAATAATAACAGCAGTAACAGTACAGAATATAGGCTAATAAATTGT,TGTACAAGACCCAACAATAATACAAGAAAGAGTATACATATAGGACCAGGACAAGCATTTTATACAACAGGAGAAATAATAGGAGACATCAGAAAGGCACATTGT,TGCAATACATCAGGGCTGTTTAATAATACAGGAACTAATGAAACTATCACTCTCCCATGT,CAGAGTACTAATGGTAGTATTGAGACCTTCAGACCT
KX181920,TGTACTAATTTCAATGTCAATGGCACTCAAAACAGCACCCTCACTCAAAACAGCACCCTGAAGGAAGAGCCAGATGCAATACAAAAC,TGTTCTTTTAATATGACCACAAAACTAAGAGATAAGCAACAGAAAGTACATGCACTTTTTTATAGACTTGATATAGTGCCAATCAACGGTACAGGTAATCAAAATGAAAGCGAGTACAGGCTAATAAATTGT,TGTACAAGACCCAACAACAATACAAGGAAAAGTATAACTTTAGGACCAGGACAAGCATTCTATGCAACAGGAGACATAATAGGAGACATCAGAAAGGCACATTGT,TGCAATACATCAAGGCTGTTTAATAACTCAGAATTCAATAATAGCACTATTACTCTCCCATGT,CAGAATAATACTAATGAGACTTTCAGACCT
MF381286,TGTGTTGAATTCAATGGCAAAAACATTTCCGGCACCCCGATCCCGACTACCACCCCGAGCACCTTGCGGGAAGACAGAGGGGCAATACAAAAC,TGTTCTTTCAATATGACCACAGAAGTTAATGATAAGAAACAAAAAGTACATGCACTTTTTTATAGACTTGATATAGTACCACTCAACAATGAAACTAACATTAACAATGGGATATATAGGCTAGTAAATTGT,TGTACAAGACCTAACAACAATACAAGGAAAAGTATACGTTTAGGACCAGGACAAGCATTCTATGCACCAGATGATATAATAGGAGATATAAGAAAGGCTCATTGT,TGCAATACATCACAACTGTTTAGCAATAACATAAGCTCCAGTAGGAATATCACTCTCCCATGT,AAAGGTGCAAACCATACTGAGATCTTTAGACCT
KJ883142,TGTGTGAATTACA?TGCCACCAATGCCACCAATGGC?TTAACAATAGCACCCTAAAAGAAGAGTCAGGGGCAATACAAAAC,TGTTCTTTCAATGTAACCACAGAAGTAAGAGATAAGCATCAGAAAGTATTTGCACTTTTTTATAAACTTGATATAGTATCAATTAATAATAACAGAAGTGAATACAGGTTAATAAATTGT,TGTTCAAGACCTAACAACAATACAAGAAAAAGTATACCCATGGGGCCAGGAAAAGCATTCTATACAACAGGAGAAATAATAGGAGACATCAGAAAGGCACACTGT,TGTAATACATCAAAACTGTTTAATGAAACAGATTTCAGTAACACACCGAATGACACTATCATACTCCCATGT,CAGCATAATA?TAGTAATGATGAGATCTTCAGACCT
FJ771009,TGTACTAATGCCATCAATAGCACTAATGCCAAGACCACCAATAGCACTAAAAACAACAACACCCTGGAGGAGGACAAAGAGGCAATACAAAAC,TGTTCTTTCAATATGACCACAGAAGTAATAGATAAGCAGCAGAAAGTACAGGCACTTTTTTATAGACTTGATATAGTACCAATCAGCAATAGCAATAATAGCAATAGCACTGATACATATTATAGGCTAATAAATTGC,TGTACAAGACCTAACAACAATACAAGGAAAAGTATACCTTTAGGACCAGGGAGAGCATTTTATGCAACAGGAGACATAATAGGAGACATCAGAAAGGCACATTGT,TGCAATACATCAGGACTGTTTAATAACACAGGAACCAGTACCAATGCCACTATCGTTCTCCCATGT,AAAGATAACCAGAATAAGACTGAGATCTTCAGACCG
KY989955,TGTATGAATTACAATGCCACCAATGCCACCAATGGCTTTAACAGTAGCACCCTAAAAGAAGAGTCAGGGGCAATACAAAAC,TGTTCTTTCAATGTAACCACAGAAGTAAGAGATAAGCAGCAGAAAGTATCTGCACTTTTTTATAAACTTGATGTAGTATCAATTAATAACAATAGTGAATACAGGTTAATAAATTGT,TGTTCAAGACCTAACAACAATACAAGAAAAAGTATACCCATGGGGCCAGGAAGAGCATTCTATACAACAGGAGAAATAATAGGAGACATCAGAAAGGCACACTGT,TGTAATACATCAAAACTGTTTAATGAAACAGAATTCAATAACACACAGTATGACACACAGAATGATACTATCATACTCCCATGT,CAGCATAATAATAGTAATGGTACTGAGATCTTCAGACCT
FJ670516,TGTAGTGATGCCCGTGATGCCAATTCTCAAAACAGCACCCTAAAGGAAGAGAAAGGGGCAATAAAAAAC,TGTTCTTTCAATATGACCACAGAACTAAGAGATAAGAAGCTGAAAGTAAATGCACTTTTTTATAAACTTGATATAGTACCACTCACTAGTAAGGGCAGTAGTGAATATAGGCTAATAAATTGT,TGTACAAGACCCAACAACAATACAAGGAAAAGTATACATATAGGACCAGGACAAGCATTCTATGCAACAGGTGACATAATAGGAGATATAAGAAAGGCACACTGT,TGTAATACATCAAGATTGTTTACTGATAGTAGGACAGAATTCAATGACACTATCACTCTCCCATGT,AATAATAATACTAGTGAGAACGAAACCTTCAGACCT
AY173957,TGTACTAGTGCCACTCCTAATGCCACTGCCACTCAAAACGGAACAACCCTGAAGGAAGAACCAGGGGCAATACAAAAC,TGTTCTTTCAATATGTCCACAGAAGTAAG??ATAAGCAGCAGAAAGTACATGCACTTTTTTATAAACTTGATATAGTACCAATTAGCAATAGCAGTAATAACAGTAGAGAATACAGACTAATACATTGC,TGTACAAGACCCAACAACTATACAAGAAAAAGTATATATTT?GGACCAGGACGAGCATTTCATACAGCAGGAAAAATAATAGGAGACATCAGAAAGGCCCATTGT,TGCAATACATCAGGACTGTTTAATGACACAGGATCCAATGGCACTATCACTCTCCTATGT,CAGAATAGTAATCAGACTGAGACCTTCAGACCT
KU143065,TGTACGAGTTACAACAACAATGCCACCAATGACTCTAACAATAGCACCCTAAAAGAAGAGTCAGGGGCAATACAAAAC,TGTTCTTTCAATGTGACCACAGAAGTAAGAGATAAGCAGCAGAAAGTATCTGCACTTTTTTATAAACTAGATATAGTACCAATCAATGGCAACAATGACAGTTACAGGTTAATAAATTGT,TGTACAAGACCTAACAACAATACAAGAAAAAGTATACATATGGGGCCAGGAAGAGCATTCTATACAACAGGAGAAATAATAGGAGACATCAGAAAGGCACATTGT,TGTAATACATCACAACTGTTTAATGAAAAAGAACTCAATGGCACACAGAATGACACTATCACACTCCCATGT,AATAATACTAATAATACTGAGATCTTCAGACCT
KX181918,TGTACTAATTTCAATGCCAATGGCACTCAAAACAGCACCCTCACTCAAAACAGCACCCTGAAGGAAGAGCCAGATGCAATACAAAAC,TGTTCTTTTAATATGACCACAGAACTAAGAGATAAGCAACAGAAAGTACATGCACTTTTTTATAGACTTGATATAGTGCCAATCAACGGTACAGGTAATCAAAATGAAAGCGAGTACAGGCTAATAAATTGT,TGTACAAGACCCAACAACAATACAAGGAAAAGTATAACTTTAGGACCAGGACAAGCATTCTATGCAACAGGAGACATAATAGGAGACATCAGAAAGGCACATTGT,TGCAATACATCATGGCTGTTTAATAACACAGAATTCAATGATAGCACTATCACTCTCCCATGT,CAGAATAATACTAATGAGACTTTCAGACCT
KY514084,TGTGTGAATTACAATGCCACCAATGCCACCAGTGGCTCTAGCAATAGCACCCTAAAAGAAGACTCAGGGGCAATACAAAAC,TGTTCTTTCAATATAACCACAGAATTAAGAGATAA?CAGCAGAAAGTATCTGCACTTTTTTATAAACTTGATATAGTATCAATTCATAATAACAAAAGTGAATACAGGTTAATAAATTGT,TGTTCAAGACCTAACAACAATACAAGAAAAAGGATAACCATGGGGCCAGGAAGAGTATTCTATACAACAGGAGAAATAATAGGAGACATCAGAAAGGCACACTGT,TGTAATACATCAAAACTGTTTAATGAAACAGATAACACACAGAATGGCACTATCATACTCCCATGT,CAGCATAATGATAGTAATGAGATCTTCAGACCT
GQ290462,TGTACTAATGCTACTATCCCCAATGGCAATAATAACTCCACACAAAATGACAGCCTGATAGAAGATCAGGGGGCAATACAAAAC,TGCACTTTCAATATGTCCACAGAAGTAAAAGATAAGACAAAGCAAATGCGTACACTTTTTTATAGCCTTGATATAGAACTAATCAACAAACAAAGTAAA?ACAATAGAACTA?TAAAGAGTATATATTAAGAAGTTGT,TGTACAAGACCCAATAACAATACAAGAAAGGGTGTACAGCTTGCACCAGGGGCAGCATTATATGCAACAGGTGCGATAATAGGAGACATAAGAAAAGCACATTGT,TGCAATACATCAAAATTGTTTAATCACACAGTGTTCAATGATACCAATAACATAGTCAATGGCTCATCACTCAATGGCACTATCACTCTCCCATGC,G?TAATGATACTAGGACTAATGAGACCTTCAGACCT
MF381279,TGTGTGAATTACAATGCCACCAATGCCACCAGTGGCTCTAGCAATAGCAACCTAAAAGAAGAGTCAGGGGCAATACAAAAC,TGTTCTTTCAATATGACCACAGAAGTAAGAGATAAGCAGCAGAAAGTATCTGCACTTTTTTATAAACTTGATGTAGTATCAATTAATAATAACAAAAGTGAATACAGGTTAATAAATTGT,TGTTCAAGACCTAACAACAATACAAGAAAAAGTATAACCATGGGGCCAGGAAGAGTATTCTATACAACAGGAGAAATAATAGGAGACATCAGAAAGGCACACTGT,TGTAATACATCAAAACTGTTTAATGAAACAGGATCCAGTAATGACACTATCATACTCCCATGT,CAGCATAATGAAAGTAATAATACTGAGATCTTCAGACCT
KJ883148,TGTGTGAATTACAACGCCACCAATGCCACCAATGACTTTAATAGCACCCTAAAAGAAGAGTCAGGGGCAATACAAAAC,TGTTCTTTCAATACAACCACAGAAGTAAGAGATAAGAATCAGAAAGTATTTGCACTTTTTTATAAACTTGATATAGTACCAATTAATAATGACAGAAGTGAATACAGGTTAATAAATTGT,TGTTCAAGACCTAACAACAATACAAGAAAAAGTATACCCATGGGGCCAGGAAGAGCATTCTATACAACAGGAGAAATAATAGGAGACATCAGAAAGGCACACTGT,TGTAATACATCAAAACTGTTTAATGAAATAGAATTCAATAACACACAGAATGACACTATCATACTCCCATGT,CAGCATAATGGTAGTAATGCTACTGAGATCTTCAGACCT
AJ237804,TGTAGTGATGTCAATATCACTAGTAATGCCACTACCACTAATGACACCAGCACCCCGGAAGAGTCAGGGGCAATACAAAAC,TGTTCTTTCAATATGACCACAGAAGTAAAAGACAAGAAGCTGAGAGTAAATGCACTCTTTTATAAACTTGATATAATACCAATCAATAACAGCAGTAGTAGTGACTATAGGCTAATAAATTGT,TGTACAAGACCCAACAACAATACAAGAAAAAGTATACATTTAGGACCAGGACAAGCATTCTATGCAACAGGTGATATAATAGGAGATATAAAAAAGGCATATTGT,TGCGATACATCAGGATTGTTTAATGAAAGTGAAAAGTACAATGGCACTATCATTCTCCCATGT,CAGAGTAATGATACTAATAGGACTGAGACTTTCAGACCT
DQ313239,TGTACTGATTTCAATGGCAATACCACTGATCAAAACAGCACCCTGAAGGAAGAGTCAGGAGCAATACAAGAC,TGTTCTTTCAATATGACCACAGAAGTAAGAGATAAGGAGCTGCAAGTACATGCACTTTTTTATAGACTTGATATAGTGCCAATCAGCGGTAGCAATGATAGTAGTGGCAATGGGAAATATAGGCTAATAAATTGT,TGTACAAGACCCAACAACAATACAAGAAAAGGTATACATATAGGACCAGGACAAGCATTCTATGCAACAGGTGAAATAATAGGGGATATAAGAAAGGCACATTGT,TGCAATACATCAGGACTGTTTAATACTAATACATCAGGACAGTTTAATACCACAGGATCCAATGAAACTATAGTTCTCCCATGT,AATAGTAGTAATGCTAATGCTAATGAGACCTTCAGACCT
MF381272,TGTGTGAGTTACAATGCCACCAATGCCACCAATGGCATTAACAATAGCACCCTAAAAGAAGAGTCAGGGGCAATACAAAAC,TGTTCTTTCAATGTAACCACAGAAGTAAGAGATAAGCATCAGAAAGTATCTGCACTTTTTTACAAACTTGATATAGTATCAATTAATAACAAAAGTGAATACAGGTTAATAAATTGT,TGTTCAAGACCTAACAACAATACAAGAAAAAGTATACATATGGGGCCAGGACAAGCATTCTATACAACAGGAGAAATAATAGGAGACATCAGAAAGGCACATTGT,TGTAATACATCAAAACTGTTTACTGAAGGAGAATTCAATGACACAGAGAATGGCACTATCATACTCCCATGT,CAGCATAATGATAGTAATAATACTGAGATCTTCAGACCT
KX181917,TGTAGTGATTCCAATACCACCACCAATGACAATACCACCACCAATGCCAATCGGAATAGCACCTTGTGGGAAGAGCCAGGGGCCATACAAAAC,TGTTCTTTCCACCTGACCACACAAGTAAGAGATAAGCAGCTGAAAGTACAGGCACTTTTTTATAAACTTGATATAGTACCAATTAGTAATAACAGTAACGAATACAGGCTAATACATTGT,TGTACAAGACCCAACAACAATACAAGAAAAAGCATACAGTTAGGACCAGGAAGAGCATTTTATGCAACAGGAAATATAATAGGAGATATCAGAAAGGCACATTGT,TTCAATACAAATAATTTATTTAATGACACAGTAATAAATGACACAACCACTGTCAATATCACTCTCCCATGT,AATAATAGGGGTAATAATAATGAGACCTTCAGACCT
AF005494,TGTAGAAACATTGCCACCAATGGCACCAATGACACTATTGCCATCAATGACACTCTGAAGGAAGATCCAGAGGCAATACAAAAC,TGTTCTTTCAATACAACCACAGAAATAAGAGATAAGCAGCTGAAAGTACATGCACTTTTTTATAAACTTGATATAGTACAAATCAACAAGGATGACAATAGAACATACAGACTAATAAATTGT,TGTACAAGACCCAACAACAATACAAGAAAAAGAATATCTTTAGGACCAGGACGAGTATTTTATACAACAGGAGAAATAATAGGAGACATCAGAAAGGCACATTGT,TGTAATACAGATGAACTGTTTAATGACACAAAATTCAATGACACAGGATTCAATGGCACTATCACTCTCCCATGT,CTGAATAGTACTAATGAGACCTTCAGACCT
MF381277,TGTGTGAGTTACAATGCCACCAATGCCACCAAGGACCTTAGCAATAGCACCCTAAAAGAAGAGTCAGGGGCAATACAAAAC,TGTTCTTTCAATATAACCACAGAAGTAAGAGATAAGCAGCAGAAAGTATCTGCACTTTTTTATAAACTTGATATAGTATCAATTAATAACAACAAAAGTGAATACAGGTTAATAAATTGT,TGTTCAAGACCTAACAACAATACAAGAAAACGTATAACCATGGGGCCAGGAAGAGTATTATATACAACAGGAGAAATAGTAGGAGACATCAGAAAGGCACACTGT,TGTAATACATCAAAACTGTTTAATGAAACAGAATCCAGAAATGACACTATCATACTCCCATGT,CAGCATAGTGATAGTACTGAGATCTTCAGACCT
KX181925,TGTAAAAATGCCAATACCAGTAGTACTCAAAACATCACCCTGCAGGAAGATGCAAAAGAAATACAAAAC,TGTTCTTTCAATATGACCACAGAAGTAAGAGATAAGCAGCTGAAAGTACATGCACTTTTTTATAGGCTTGATATAGTACCAATCAATAACAAGAGTAGCAATGATAGTAGTATAAAATACAGGCTAATACATTGT,TGTACAAGGCCCAACAACAATACAAGAAAAAGTATACCAATGGGACCAGGACGAGCATTTTATGCAACAGGAGACATAATAGGAGACATCAGAAAGGCATATTGT,TGCAATACATCAGCTCTGTTTAATAATGAAACAGGATCCAATGACACTACAGGATCCAATAGCACTATCACTCTCCCATGT,TATGAAAATAATCAGACTGAGACCTTCAGACCT
DQ189088,TGTACTGATGCCATCAGGAACACGACAAACAACACCCTGGCGGATGAGCCAGGGGCAATACAAAAC,TGTTCTTTCAATGTGACCACAGAAGTAAGAGATAAGAAGCTGAAAGTACACGCAATTTTTTATAGACTTGATATAGTACCAATCAGTGGCAGTAATGACAATAGTAGTACATACAGGCTAATAAATTGT,TGTACAAGACCTAACAACAATACAAGAAAAAGTATACACTTAGGACCAGGACAAGCATTTTACGCAACAGGAGACATAATAGGAAACATCAGAAAGGCACATTGT,TGCAATACATCAGGACTGTTTAATGACACAGATGACAATGGCACTATCACTCTCCCATGT,ACTGGGAATTGCACTGATGGTGGTACTGGGAATTGCACTGAGACCTTCAGACCT
MF381273,TGTGTGAATTACAATGCCACCAATGCCACCAAGGGCCTTAACAGTAGCACCCTAAAAGAAGAGTCAGGGGCAATACAAAAC,TGTTCTTTCAATATAACCACAGAAGTAAGAGATAAGCAGCAGAAAGTATCTGCACTTTTTTATAAACTTGATATAGTATCAATTAATAACAGCAGTGAATACAGGTTAATAAATTGT,TGTTCAAGACCTAACAACAATACAAGAAAAAGTATAACCATGGGGCCAGGAAAAGTATTCTATACAACAGGAGAAATAATAGGAGACATCAGAAAGGCACACTGT,TGTAATACATCAAAACTGTTTAATGAAACAGAAGCCAGTAATGACACTATCATACTCCCATGT,CAGCATAATAATAATAATACTACTGAGATCTTCAGACCT
HM068551,TGTGTGAATTACAATGCCACCAATGCCACCAATGGCTTTAACAATAGCACCCTAAAAGAAGAGTCAGGGGCAATACAAAAC,TGTTCTTTCAATATAACCACAGAAGTAAGAGATAAGCATCAGAAAGTATTTGCACTTTTTTATAAACTTGATATAGTATCAATTAATAACAGAAATGAATACAGGTTAATAAATTGT,TGTTCAAGACCTAACAACAATACAAGAAAAAGTATACCCATGGGGCCAGGAAAGGCATTCTATACAACAGGAGAAATAATAGGAGACATCAGAAAGGCACACTGT,TGTAATACATCAAAACTGTTTAATGAAACAGAATTCAGTAACACACAGAATGACACTATCATACTCCCATGT,CAGCATAATGGTAGTAATGATACTGAGATCTTCAGACCT
MF381271,TGTATTGAGTTCAATGGCACTTCCTCTAATAACACTTCCCTGCGGGAAGACAAAGGGGCAATACAAAAC,TGCTCTTTCAATATGACCACAGAAGTTAATGATAAGAAACAACAAGTACATGCACTGTTTTATAGACTTGATATAGTACCACTCAACAATGAAAATAGTAATGGTAATAAAAATAGCAGTGGTAATGGAACTAGCAATAACAGTATTAGAGAATATAGACTAATAACTTGT,TGTACAAGACCCAACAACAATACAAGGACAAGTATACATTTAGGACCAGGACACTCATTCCATACAACAAGTAATATAATAGGAGATATAAGAAAGGCACATTGT,TGCAATACATCAAAACTGTTTAACAATAACATAAGCTCCAGTGAGAATATCACTCTCCCATGT,CCAGTCAGCAATAGTACAAACCATACTGAGATCTTCAGACCT
AY231157,TGTACTAATGCCAATGTCTCTAATGCCTCTAATCAAAACAATGCCACTGCCTCTAATCAAAACAGCACCCTGGAGGAACCAGGGGCAATACAAGAC,TGTTCTTTCAATATGACCACAGAAGTAAGAGATAAGAAGCAGAAAGTACATGCACTTTTTTATAGCCTTGATATAGTACCAATCAGCAATGGCAAAAACAGTAGCGAATATAGGCTGATAAATTGT,TGTACAAGACCCAACAACAATACAAGAAAAAGTATACATTTAGGACCAGGACAAGCATTCTATGCAACAGGAGATATAATAGGAGACATAAGAAAGGCATATTGT,TGCGATACATCACAGCTGTTTGATAGTACAGTACTTAATGGCACCATCACTCTCCCATGT,CAGAATAGTAGGAATGAGACCTTCAGACCT
MF381280,TGTGTGAATTACAGCACCACCAGTGGCTTTAGCAATAGCACCTTAAAAGAAGAGTCAGGGGCAATACAAAAC,TGTTCTTTCAATGTAACCACAGAAGTAAGAGATAAGCAGCAGAAAGTATCTGCACTTTTTTATAAACTTGATATAGTATCAATTAATAACAGCGGTAAATACAGGTTAATAAATTGT,TGTTCAAGACCTAACAACAATACAAGAAAAAGTATACCCATGGGGCCAGGAAAAGCATTCTATACAACAGGAGAAATAATAGGAGACATCAGAAAGGCACACTGT,TGTAATACATCAGAACTGTTTAATGGAACAGATTCCAGTAACACACAGAATGACACTATCATACTCCCATGT,CAGCATAATAGTAGTAATAATACTGAGATTTTCAGACCT
KX181921,TGTACTAATGCCACTAACACAAAGGGAAATGACACCGTGAATAATACCACTAACACAAATGGAAATGACACCTTGGAGGAAGATCAAGGGACTATACAAAAC,TGCTCTTTTGAGGCAACCACAGAAATAACAGATAAGACACGGAAAGTACATGCACTTTTTTATAGGCTTGATATAGTACCACTCAATAATGAAGATAAGAACAGTAGTAGTAATGGTACAGCATACAGGCTAATAAATTGT,TGTACAAGACCCAACAACAATACAAGAAAAAGTATACGTATAGGACCAGGACAAACATTTTATGCAACAGGAGACATAATAGGAGACATCAGAAAAGCACATTGT,TGCAATACAACAAGACTGTTTAATATCACTGATAAGAATATCATTGATAAGAATAGCACTATCACTCTCCCATGT,AGTTGCAATGATACTAATGGCACTGAGATCTTCAGACCT
AF075703,TGTACTAATGCCACTACCACCAATGACACTCTCTCTGACCAAAGCAGTACCCTGAAGGAAGAACCAGGGGCAATACAAAAC,TGTTCTTTCAATATGACCACAGAAGTAGAAGATAAGAAGCAGAAAGTACATGCGCTTTTTTATAGACTTGATATAGAACCAATCAGCAATAATAATAGCAGGGAAGAATATAGGCTAATAACTTGT,TGTACAAGACCCAACAACAATACAAGAAAAAGTATACGTATAGGACCAGGACAATCATTTTATGCAACAGGAGAAATAATAGGAGACATAAGAAAGGCACATTGT,TGCAATACATCACTACTGTTTAATAATACAGTACCTAATAATGGCACTATCACTCTCCCATGT,CAGAGTAATAATAGTGATTCTGAGACCTTCAGACCT
AB485658,TGTACTAATGCCAATGGCACTCTGTCTGCTAACCAAAGCAGCCCCATTTCCCCCGCCCCCACCCCAAACGACACCCTGAAGGAAGACACAGGGGCAATACAAAAC,TGCTCTTTCAATATAACCACAGAAGTAGGAGACAAGAAGCTAAGAGCACAGGCACTTTTTTATAAACTTGATATAGTACCACTCAGCAATACTAATGGGCCACTCAACAATACTAGTGGGGAATATAGGCTAATACATTGT,TGTACAAGACCCAACAACAATACAAGGAGAAGTATATATTTAGGACCAGGACACGCATTCCATACAACAGACAGGATAATAGGAGATATAAGAAAAGCACATTGT,TGCAATACATCAGGACTGTTTAATAGTAGCACGAGCCCCGAAGGAGTGTTTAACACGAGCCACAAAGGAAATATCACTCTCCTATGT,CAGAATAATGAGACTGAGACCTTCAGACCT
KY989957,TGTGTGAATTACAATGCCACCAGTAGCAATAGCACCCTAAAAGAAGAGTCAGGGGCAATACAAAAC,TGTTCTTTCAATATAACCACAGAAGTAAGAGATAAGCATCAGAAAGTATCTGCACTTTTTTATAAACTTGATATAGTATCAATTAATAACAGCAGTAAATACAGGTTAATAAATTGT,TGTTCAAGACCTAACAACAATACAAGAAAAAGTATACCCATGGGGCCAGGAAAAGCATTCTATACAACAGGAGAAATAATAGGAGACATCAGAAAGGCACACTGT,TGTAATACATCAGAACTGTTTAATGAAACAGATTCCAGTAACACACAGAATGGCACTATCATACTCCCATGT,CAGCATAATAGTAGTAATAATACTGAGATCTTCAGACCT
MF381284,TGTAGTAATGCCAATGTTAGCAGCAGTGCCAATGTCAACAGCACTCTGGAAGAACAACCAGGGGCAATACAAAAT,TGTTCTTTCAATATGACCACAGAAGTACGAGATAAACGGCAGAAAGTATCTGCACTTTTTTATAGACTTGATCTAGTACCATTGAATGAGAACAGTACAGAATATAGACTAATAAATTGT,TGTACAAGACCCAATAACAATACAAGAAAAGGTATACATTTAGGACCAGGACAAACATTCTATGCAACAGGTGACATAATAGGAGATATAAGAAGGGCACATTGT,TGCAATACATCAGGATTGTTTAATGACTCAGCTACTGAAAATAATGAAACTACTATCACCCTCCCATGT,AATAATACTAATGATAATGATACCTTTAGACCT
KU168274,TGTACTGATTTCAATGGCAATTCCACCACTCAAAACAGCACCTACCCAAACAGCACCGTCTCTCCAACCAATAGCACTTCTGCCAACCAAACCACCCTGAAAGAAGACACAGGGGTGATACAAAAC,TGTTCTTTCGATGTGACCACAGAAACAAATGACAGGAAGTCAAAAGTACATGCACTTTTTTATAAACTTGATATAGTACCACTCAAAGATAACAGTAAGAATAGCAGTAGGGAATATAGGCTAATACATTGT,TGTACAAGACCTAACAACAATACAAGGAAAAGTATATCTATAGGACCAGGACGAGCATTCTATGCAACAGATAGGATAATAGGAGATATAAGAAGGGCACATTGT,TGCAATACATCAGAGTTGTTTAAAACTAATATAACCAATAACACTATCACTCTCCCATGT,CAGGATAATAAAAATGGGACTAATAGGACTGAGACCTTCAGACCT
FJ900267,TGTAAAAATGCAAATGTCACTTTTGAAAACGGCACCCTGAAGGAAGAGCCAGGAGCAATACAAGAC,TGTTCTTTCAATATGACCACAGAAGTAAGAGATAAGAAGTTGAAAGTAAATGCACTTTTTTATAGACTTGATATAGTACCAATCAATATTACTAAGAATAACAGTGAATATAGGCTAATAAATTGT,TGCTCAAGACCCAACAACAATACAAGAAGAAGTATACATATAGGACCAGGACAAGCATTCTATGCAACAGGTGACATAATAGGAGATATAAGAAAGGCACATTGT,TGCAATACATCAAAATTGTTTAATAATAACACAGAACCCAATGGCACTATCACTCTTCCATGT,ACGAATCAGAGTGCTACTGAGACATTCAGACCT
KU749396,TGTACTAATGCCAATATCACTAATGCCAATATCACTAATGCCAATATCACTAATGCCAATATCACTCAAAACGATGACACCCTGAGGGAAGACCCAGGGGCAATACAAAAC,TGTTCTTTCAATACGACCACAGAAATAATAGATAAGCAGAAGAAAGTACGGGCACTTTTTTATAAACTTGACCTAG?TGATGGCAATAGTGGCAGTAATGGCGCTATGTACAGGTTAATAAATTGT,TGTACAAGACCTAACAACAATACAAGAAAAAGTATACCATTAGGACCAGGACGAGCATTTTATGCAACAGGAGATATAATAGGAGACATCAGAAAGGCACATTGT,TGCAATACAACAAAACTGTTTAATAATACAAGATACAATGATACTATCACTCTCCCTCTCCCATGT,AATAATACTGATAATAATAATACTGAGATCTTCAGACCT
KJ883137,TGTGTGAATTACAATGCCACCAATGCCACCAGTGGCTTTAGCAATAGCACCCTAAAAGAAGAGTCAGGGGCAATACAAAAC,TGTTCTTTCAATATAACCACAGAAGTAAGAGATAAGCATCAGAAAGTATCTGCACTTTTTTATAAACTTGATATAGTATCAATTAATAACAGAAGTGAATACAGGTTAATAAATTGT,TGTTCAAGACCTAACAACAATACAAGAAAAAGTATACCCATGGGGCCAGGAAAAGCATTCTATACAACAGGAGAAATAATAGGAGACATCAGAAAGGCACACTGT,TGTAATACATCAAAACTGTTTAATGAAACAGATAACACACAGAATGACACTATCATACTCCCATGT,CAGCATAATAGTAGTAATAATACTGAGATCTTCAGACCT
AF077336,TGTACTAATGCCACCAATAACAGTCAGGAAAAGCCAGGGGCAATGCAAAAC,TGTTCTTTCAATATGACCACAGAAGTAAGAGATAAGAAGCTGAAATTATCTGCGCTTTTTTATAGGCTTGATATAGTACCAATAGGCAATAACAATAGCAGTGAATATAGGCTAATAAATTGT,TGTACAAGACCCAACAACAATACAAGGAAAGGTATACATTTAGGACCAGGACAAACATTCTATGCAACAGGAGCAATAATAGGAGACATAAGAAAGGCACATTGT,TGCGATACATCAGGACTGTTTAATGACACAGGCTCCAATAATGGCACTATCACTCTCCCATGT,AATGAGAGTAACATTGAGACCTTCAGACCT
FJ817372,TGTAATAATGCCAGTATCACAAATGCCACTGTCACAAATAACTCAACCAACCTCCTGGAAGATCAGGGAGCAATACAAAAC,TGCTCTTTCAATATGACCACAGAATTAATAGATAAGAAGAAAAAAGTATATGCACTTTTTTATAGACTTGATATAGTACCAATCGATAGCAATAATAGTGATGAGGGCAGTAACAAAAATAGTACAAAGTATAGGCTAATAAATTGC,TGTTCAAGACCTAATAACAATACAAGAAAAAGTATACAATTAGGACCAGGACGAGCAATCTATGCAACAGGTGAAATAATAGGAGACATAAGAAAAGCACATTGT,TGTAATACAACAACACTGTTTGATGAAACAAAATGGAATGACGACACCATCGTTCTCCCATGT,AAAAATGACACTGAAACCTTTAGCCCT
KY514085,TGTAAGAATTACAATGCCACCAATGCCACCAGTGGCCTTAACGCCACCAGTGGCTTTAACAATAGCACCCTAAAAGAAGAGCCAGGGGTGATACAAAAA,TGTTCTTTCAATATGACCACAGACGTGAGAGATAAGTTTCAGAACGTATCTGCACTTTTTTATAAACTAGATATAGTACCAATTAATACTAACAAAAGTGAATACAGGTTAATACATTGT,TGTTCAAGACCTAACAACAATACAAGAAAAAGTATAACCATGGGGCCAGG?AGAGTATTCTATACAACAGGAGAAATAGTAGGAGACATCAGAAAGGCACACTGT,TGTAATACATCAAAACTGTTTAATG?AACAGAAG?CAGTAATGACACTATCATACTCCCATGT,CAGCATAATAATAGTAATGATACTGAGATCTTCAGACCT
KX181923,TGTACTAATGCCAATGCCACCAATGGCACTGCCAATGGCCTTCACAATAGCACCCTGACAGAAGAGCCAGGAGCAATACAAAAC,TGTTCCTTCAATATAACCTCAGAAGTAAGAGATAAACAGCTGAAAGCAAATGCACTCTTTTATAAGCTTGATATAGTACCAATCAGCAATGGCGGTAATGGCAGTGGAACAAACAGGCTAATAAGTTGT,TGTACAAGACCCAACAACAATACAAGAAAGAGTATACATCTAGGACCAGGACGAGCATTTTATACAACAGGAAGAATAATAGGAGACATCAGAAAGGCACACTGT,TGCAATACATCAAGACTGTTTAATGACACAAAATTCAATGACACTATCGTTCTCCCATGT,CAGCATAATGAAACTAATAAAACTGAGATCTTCAGACCT
KJ883145,TGTGTGAATTACAATGCCACCAATGCCACCAGTGGCCTTAACAATAGCACCCTAAAAGAAGAGTCAGGGGCAATACAAAAC,TGTTCTTTCAATATAACCACAGAAGTAAGAGATAAGCATCAGAAAGTATCTGCACTTTTTTATAAACTTGATATAGTATCAATTAATAACAGTAGTGAATACAGGTTAATAAATTGT,TGTTCAAGACCTAACAACAATACAAGAAAACGTATAACCATGGGGCCAGGAAAAGTATTCTATACAACAGGAGAAATAATAGGAGACATCAGAAAGGCACACTGT,TGTAATACATCAAAACTGTTTAATGAAACAGAATTCAGTAACAAACAGAATGGCACTATCATACTCCCATGT,CAGCATAATAATAGTAATAATACTGAGATCTTCAGACCT
FJ771010,TGTACTAATTACAATAATACTGATTACAATAATAGCACTAAAAACAATAATGACTCCCTGAAAGAAGATGTAGGGGCAATAAAAAAT,TGTTCTTTCAAAATAACCACAGAAGTAAGAGATAAGACTAGAGAAGCAGCGGCACTTTTTTATAATCCTGATATAGTACCACTCAACAAGAGTGAGAATAGTAGCTATAGAACATACAGGCTAATACATTGT,TGTACAAGACCCAACAACAATACAAGAAAAAGTATATATTTAGGACCAGGGCATGCATTTCATGCAACAGAAAATATAATAGGAGACATCAGAAAGGCACATTGT,TGTAATACATCAAAACTGTTTAATGACACAGACCCCTTCAATGAAACTATCACTCTCCCATGT,AATGGTAATAATAGTATTAATGAGACCTTCAGACCT
KJ849791,TGTACTAATGCTGCTCGGAACAGCACAAATGACACCCTGAAGGAAGACCCAGGGGCGCTACAAAAC,TGTTCTTTCAATATGACCACAGAAGTAAGAGATAAGCAGCTAAAAGTACAAGCACTTTTTTATAAACTTGATATAGTACAAATCAATAACAATAGTAGTAATAACAGTAGTAGTAATTTCAGTGACTACAGGCTAATAAATTGT,TGTTCAAGACCCAACAACAATACAAGGAAAAGTGTACATATAGGACCAGGGCAAGCATTTTATGCAACAGGAGACATAATAGGAGACATTAGAAAGGCACATTGT,TGCAATACAACACAACTATTTAGCACAAAGAGTGGTAATGACACAATCACACTCCCATGT,AATGATAAGAGCACTG?TAATAACACTGAGATCTTTAGACCA
MF381274,TGTGTGAATTACAATGCCACCAATGCCACCAGTGACCTTGACAATAGCACCCTAAAAGAAGAGTCAGGGGCAATACAAAAC,TGTTCTTTCAATACAACCACAGAAATAATAGATAAGCATCAGAAAGTATCTGCACTTTTTTATAAACTTGATATAGTATCAATTAATAACAGTAGTGAATACAGGTTAATAAATTGT,TGTTCAAGACCTAACAACAATACAAGAAAAAGAATAACTACGGGGCCAGGAAGAGTATACTATACAACAGGAGAAATAATAGGAGACATCAGAAAGGCACACTGT,TGTAATACATCAAAACTGTTTAATGAAACAGAATTCAATAACACAAAGGGTGACGGTGACACTATCATACTCCCATGT,CAGCATAATAGTAGTAATAATACTGAGATCTTCAGACCT
MF381282,TGTGTGAGTTACAATAACACCAATGTCACCAATGTCTTGAATAGCACCCTAAAAGAAGAGTCAGGGGCAATACAAAAC,TGTTCTTTCAATATAACCACAGAAGTAAGAGATAAACAGCAGAAAGTATCCGCACTTTTTTATAAACTTGATATAGTATCAATTAATGAGACCAGAAATGAATACAGGTTAATAAATTGT,TGTTCAAGACCTAACAACAATACAAGAAAGAGTATATCCATGGGGCCAGGAAGAGCATTCTATACAACAGGAGAAATAATAGGAGACATCAGAAAGGCACACTGT,TGTAATACACCAAAACTGTTTAATGAAACAGATTCCAGAAATGAAACTATCATACTCCCATGT,CAGCATAATAGTAGTAATCATACTGAGATCTTCAGACCT
GU332508,TGTACAAATGCCAATACCACCAGTAGGAACAGCTCCCTGGTGGAGGAGTCGGGGGCCACCATGGTGGAAGAGCCAGAGGCAATACAAAAC,TGTTCTTTCAACATAACCACAGAAATAAGAGATAAGCGGAAGCAAGTGCAGGCACTTTTTTACAGACTTGATATAGTACCAATCAACGGTACCACATACAGGCTAATAAATTGT,TGTACAAGACCCAACAACAATATCAGAAAAAGTATACCTATAGGACCAGGACAAGCATTTTATGCAACAGGGGATATAATAGGAGACATTAGAAAGGCATATTGT,TGTAATACATCAGGATTGTTTAATGACACAGCAGTTAATGACACAGCACTCAGTAATGACACTATCACTCTCCCATGT,ACTAATGACACTACTGAGACCTTCAGACCT
MF381281,TGTGTGAATTACAATGCCACCAATGCCACCGAAAGCTTTAATAGTACCCTAAAAGAAGAGTCAGGGGCAATACAAAAC,TGTTCTTTCAATATAACCACAGAAGTAAGAGATAAGTATAAGAAAGTATATGCACTTTTTTATAAACTTGATATAGTATCAATTAATGACAGTAATGTATCAATTAATAACAGTAATGAATACAGGTTAATAAATTGC,TGTTCAAGACCTAACAATAATACAAGAAAAAGTATACCCATGGGGCCAGGAAAAGCATTCTATACAACAGGAGAAATAATAGGAGACATCAGAAAGGCTCACTGT,TGTAATACATCAAAACTGTTTAATGAAACAGAATTCAATAACACACAGAATGAAAATGACACTATCATACTCCCATGT,CAGCAGAATAATACTAATAATACTGAGATCTTCAGACCT
MF381276,TGTGTGAATTACAATGCCACCAATGCCACCAGTGGCTCTAGCAATAGCACCCTAAAAGAAGAGTCAGGGGCAATACAAAAC,TGTTCTTTCAATATAACCACAGAACTAAGAGATAAGCAGCAGAAAGTATCTGCACTTTTTTATAAACTTGATATAGTATCAATTAATAATAACAGAAGTGAATACAGGTTAATAAATTGT,TGTTCAAGACCTAACAACAATACAAGAAAACGTATAACCATGGGGCCAGGAAGAGTATTATATACAACAGGAGAAATAATAGGAGACATCAGAAAGGCACACTGT,TGTAATACATCAAAACTGTTTAATGAAACAGAATCCAGTAATGACACTATCATACTCCCATGT,CAGCATAATAATAGTACTGAGATCTTCAGACCT
FJ771008,TGTACTGCTGTTAAAGCCAATATCACTGATGCTGCCACCCCCTCACCCTCTCTTGACACCCTGAAGGAAGAGTCAGGAGCAATACAAAAC,TGTTCTTTTAACATGACCACAGATGTAGGTGATAAGCAGCAGAGAGTACATGCTCTTTTTTATAAACTTGATATAGTTCCAATCAGTGGCAGTAATAGTACATACAGGTTAATACATTGT,TGTTCAAGACCCAACAACAATACAAGAAAAAGTATACAGTTAGGACCAGGACGAGCATTTTATGCAACAGGAGATATAATAGGAGATATCAGAAAAGCACATTGC,TGTAATACATCAGGACTGTTTAAATTCAATGCCTCATCCGGTGAGAATAGTACAAATATCACTCTCCCATGT,ACTAATGATACTAATGGTACTGAGACCTTCAGACCT
JX140671,TGTGTGAATTACAATGCCACCAATGCCACCAGTGGCTTTAACAATAGCACCCTAAAAGAAGAGTCAGGGGCAATACAAAAC,TGTTCTTTCAATATAACCACAGAAGTAAGAGATAAGCATCAGAAAGTATTTGCACTTTTTTATAAACTTGATATAGTATCAATTAATAACAGAAGTGAATACAGGTTAATAAATTGT,TGTTCAAGACCTAACAACAATACAAGAAAAAGTATACCCATGGGGCCAGGAAAAGCATTCTATACAACAGGAGAAATAATAGGAGACATCAGAAAGGCACACTGT,TGTAATACATCAAAACTGTTTAATGAAACAGAATCCGGTAACACACAGAATGACACTATCATACTCCCATGT,CAGCATAATAGTAGTAATGATGCTGAGATCTTCAGACCT
MF381278,TGTGTAAGTTACAATGCTACCAATGCCACCGATGGCTTTAACCATAACACCCTAAAAGAAGAGTCAGGGGCAATACAAAAC,TGTTCTTTCAATATAACCACAGAAGTAAGAGATAAGCATCAGAAAGTATTTGCACTTTTTTATAAACTTGATATAGTACCAATTAATAACAGAAATAACAGAAGTGAATACAGGTTAATAAATTGT,TGTTCAAGACCTAACAACAATACAAGAAAAAATATACCCATGGGGCCAGGAAAAGCATTCTATACAACAGGAGAAATAATAGGAGACATCAGAAAGGCACACTGT,TGTAATACATCAAAACTGTTTAATGAAACAGAATTCGGTAATGACACTATCATACTCCCATGT,CAGCATAATAGTAGTAATAATACTGAGATCTTCAGACCT
KT427868,TGTACTAATGCCACTAATGCCAGTAATAGTACTAATGCCAATAGCACTGCTAAAAATGACACTCTAAAGGAAGAGCCATGGGCAATACAAAAC,TGTTCTTTCAATATAACCACAGAAGTAAGAGATAAGAAAAAGAAAGTACATGCACTTTTTTATAGACTTGATATAGTACCAATCAGTAATGAAAATACAACAACAACATACAGGTTAATAAATTGT,TGCACAAGACCCAACAACAATACAAGAAAAAGTATACAATTAGGACCAGGACAAGCATTTTATGCAACAGGAGACATAATAGGAGACATCAGAAAGGCACATTGT,TGCAATACATCAGGGCTGTTTAATGATACACTGTTTGATGACAATATTACACTCCCATGT,AATGTTGATAGTACTAATAATATTGAGATCTTCAGACCT
KJ883144,TGTGTGAATTACAATGCCACCAATGCCACCCATGGCCTTAACAATAGCACCCTAAAAGAAGAGTCAGGGGCAATACAAAAC,TGTTCTTTCAATGTAACCACAGAAGTAAGAGATAAGCATCAGAAAGTATTTGCACTTTTTTATAAACTTGATATAGTATCAATTAATGACAGAAATGAATACAGGTTAATAAATTGT,TGTTCAAGACCTAACAACAATACAAGAAAAAGTATACCCATGGGGCCAGGAAAAGCATTCTATACAACAGGAGAAATAATAGGAGACATCAGAAAGGCACACTGT,TGTAATACATCAAAACTGTTTAATGAAACAGAATTCGGTAACATACAGAATGACACTATCATACTCCCATGT,CAGCATAATAGTAGTAATAATACTGAGATCTTCAGACCT
HQ236587,TGTACTGATCTCCTTGTCAATAACACCAAAGTCAATAACACCAATGGCACTCAAAACAGCACCCTGGAGGAAGAGACAGGGGCAATACAAAAC,TGCTCTTTCAAAATGACCACAGAAGTAAAAGATAGGCAGAAAAGAGTACAAGCACTTTTTTATAGACTTGATATAGTACCAATTAGTAAGAACAATGACAGTAAGAACAATAACAGTGGAGAATACAGGCTAATAAATTGT,TGTACAAGACCCAATAACAATACAAGAAAAAGTATACAGTTAGGACCAGGACGAATACTTTATGCAACAGGGGAAATAATAGGGGATATCAGAAAGGCACATTGT,TGCGATACATCAGATCTGTTTAATGACACAAAAATTAATGACACAAGCAATAATGGAACTATCATTATCCTATGT,CTAGAAAAAAATGAGACTGAGATTTTCAGACCT
KJ883143,TGTGTGAATTACAATGCCACCAATGCCACCAATGGCTTTAACAGCACCCTAAAAGAAGAGTCAGGGGCAATACAAAAC,TGTTCTTTCAATATAACCACAGAAGTAAGAGATAAGCATCAGAAAGTATTTGCACTTTTTTATAAACTTGATATAGTATCAATTAATAATAACAGAAGTGAATACAGGTTAATAAATTGT,TGTTCAAGACCTAACAACAATACAAGAAAAAGTATACCCATGGGGCCAGGAAAAGCATTCTATACAACAGGAGAAATAATAGGAGACATCAGAAAGGCACACTGT,TGTAATACATCAAAACTGTTTAATGAAACAGAATCCAGTAACACACAGAATGACACTATCATACTCCCATGT,CAGCATAATGATAGTAATAATACTGAGATCTTCAGACCT
MF381275,TGTGCGAATTACAATGCCACCAATGCCACCAATGGCTTTAATAGCACCCTAAGAGAAGAGTCAGGGGCAATACAAAAC,TGTTCTTTCAATGTAACCACAGAATTAAGAGATAAGCAGCAGAAAGTATCTGCACTTTTTTATAAACTTGATATAGTATCAATTAATAATAACAAAAGTGAATATAGGTTAATAAATTGT,TGTTCAAGACCTAACAACAATACAAGAAAAAGTATACCCATGGGGCCAGGAAGAGCATTCTATACAACAGGAGAAATAATAGGAGACATCAGAAAGGCACACTGT,TGTAATACATCAAAACTGTTTAATGAAACAGATAACACACAGAATGGCACTATCATACTCCCATGT,CAGCATAATAGTAGTAATGAGATCTTCAGACCT
KT276257,TGTGTGAGTTACGCCTACAATG?CACCAATGCCACCAAT?ACTTTAACA?TAGCACCCTAAAAGAAGAGTCAGGGGCAATACAAAAC,TGTTCTTTCAATAT?ACCACAGAATTAAGAGATAAGCATCAGAAAGTATCTGCACTTTTTTATAAACTTGATATAGTATCAATTAATAACAGTGAATACGGGTTAATAAATTGT,TGTTCAAGACCTAACAACAATACAAGAAAAAGGATATCCATGGGGCCAGGAAGAGTATTCTATACAACAGGAGAAATAATAGGAGACATCAGAAAGGCACACTGT,TGTAATACATCAAAACTGTTTAATGAAACAGGATTCAATAACACACAGAATGGCACTATCATACTCCCATGT,AAGCATAATAATGATACTGAGATCTTCAGACCC
KJ883146,TGTGTGAATTACAATGCCACCAATGCCACCCATGGCCTTAACAATAGCACCCTAAAAGAAGAGTCAGGGGCAATACAAAAC,TGTTCTTTCAATATAACCACAGAAGTAAGAAATAAGCATCAGAAAGTATTTGCACTTTTTTATAAACTTGATATAGTATCAATTAATAACAGCAGTGAATACAGGTTAATAAATTGT,TGTTCAAGACCTAACAACAATACAAGAAAAAGTATACCCATGGGGCCAGGAAAAGCATTCTATACAACAGGAGAAATAATAGGAGACATCAGAAAGGCACACTGT,TGTAATTCATTAAAACTGATTAAAGAAACAGAATTTGGTAACATACAGAATGACAATGACACTATCATACTCCCATGT,CAGCATAATAGTAGTAATAATACTGAGATCTTCAGACCT
MF381285,TGTGTGAATTACAATGCCACCAATGCCACCCAGGGCTTTAACAATAGCACCCTAAAAGAAGAGTCAGGGGCAATACAAAAC,TGTTCTTTCAATATAACCACAGAAGTAAGAGATAAGCAGCAGAAAGTATCTGCACTTTTTTATAAACTTGATATAGTATCAATTAATAACAGCAGAGAATACAGGTTAATAAATTGT,TGTTCAAGACCTAACAACAATACAAGAAAACGTATAACCATGGGGCCAGGAAAAGTATTCTATACAACAGGAGAAATAATAGGAGACATCAGAAAGGCACACTGT,TGTAATACATCAAAACTGTTTAATGAAACAGAAGCCAGTAATGACACTATCATACTCCCATGT,CAGAATAGTAATGATACTGAGATCTTCAGACCT
HM068552,TGTGTGAATTACAATGCCACCAATGCCACCAATGGCTTTAACAGTAGCACCCTAAAAGAAGAGTCAGGGGCAATACAAAAC,TGTTCTTTCAATACAACCACAGAAATAAGAGATAAGCAACAGAAAGTATTTGCACTTTTTTATAAACTTGATATAGTATCAACTAATAACAACAGTGAATACAGGTTAATAAATTGT,TGTTCAAGACCTAACAACAATACAAGAAAAAGTATACCCATGGGGCCAGGAAGAGCATTCTATACAACAGGAGAAATAATAGGAGACATCAGAAAGGCACACTGT,TGTAATACATCAAAACTGTTTAATGAAATAGAATTCAATAACACACAGAATGACACTATCATACTCCCATGT,CAGCATAATGGTAGTAATGGTACTGAGATCTTCAGACCT
KT276260,TGTGTGAATTACAATGCCACCAATGCCACCAATAGCGTTAACAATAGTGCCCTAAAAGAAGAGTCAGGGGCAATACAAAAC,TGTTCTTTCAATATAACCACAGAAGTAACAGATAAGTATAAGAAAGTATCTGCACTTTTTTATAAACTTGATATAGTATCAATGAATAACAGGAATAACAGTAAGGAATACAGGTTAATAAATTGT,TGTTCAAGACCTAACAACAATACAAGAAAAAGAATGTCCATGGGGCCAGGAAAAGTATTCTATACAACAGGAGAAATAATAGGAGACATCAGAAAGGCTCACTGT,TGTAATACATCAAAACTGTTTAATGAAACAGAATT?AATAACACACAGAGTAGTGACCCTATCATACTCCCATGT,CAGAATAATAATACTAATG?TACTGAGATCTTCAGACCT
KJ849782,TGTACTAATGCCCAGAGCAATGCCACTGCCTGGGCCAATGACACCCTGAAGGAAGAGTCAGGGGCAATACAAAAT,TGTTCTTTTAATATGACCACAGAAGTAAAAAATAAGCAGCAGAAAGTATATGCCCTTTTTTATAGACTTGATATAGTACCAGTCAGTGGCAATAGTACTTACAGGTTAATACATTGT,TGTACAAGACCCAACAACAATACAAGAAAAAGTATACAGTTAGGACCAGGAAAGGCATTCTATACAACAGGAGATATAATAGGAGATATCAGAAAAGCACATTGT,TGCAATACATCAGAACTGTTTAATGACACAGGCAATGACACTAGTGCCGCTACTATCACTCTCCCATGT,CAGGACAATAATAGTACTACTGAGATCTTCAGACCT
AB485656,TGTACTAATGCCATTAATGCCACTGCCATTCAAAACGAAGCCCTGAGGGAAGAACCAGGGGCAATACAAAAC,TGTTCTTTCAATATGACCATGGAAGTAAGAGATAAGCAGCAGAAAGTACATGCACTGTTTTATAGACTTGATATAATACCAATTAGCAATGGAAGAAATGGCAGTGGAGACTACTACAGGCTAATAAATTGC,TGTACAAGACCCAACAACAATACAAGAAAAAGTATACATTTAGGACCAGGACGAGCATTTTATGCAACAGGAGACATAATAGGAGACATCAGAAAGGCCCATTGT,TGCAATACATCAGGACTGTTTAATGACACAGGATCCAATGGCACTATCACTCTCCTATGT,CAGAATAATAATCAGACTGAGACCTTCAGACCT
FJ900266,TGTAAGGATGCCAACACCAGTTCCACTGAAAACAGCACCCTACCGGAAGAGGCAGGGGCAATAAAAAAC,TGTTCTTTTAATATGACCACAGAAATAAGAGATAAGAGGTTGAAAGTAAATGCACTTTTCTATAGACTTGATATAGTACCAATCAATAGTAGTGATAGTAACAGTAATGAATATAGGTTAATAAATTGT,TGTACAAGACCCAACAACAATACAAGGAGAAGTATACATCTAGGACCAGGACAAGCATTCTATGCAACAGGTGACATAATAGGAGATATAAGGAAGGCACATTGT,TGCAATACATCAGGATTGTTTAATAACAGTGATACCTCAAACAGAACTATTACTCTCCCATGT,AATAATAGTCATACCGAGACCTTCAGACCT
